-0.13,0.012,0.002,0.991,0.059,0.014,-0.057,0.996,0.107,-0.012,0.039,0.993,0.088,-0.002,0.069,0.994,-0.02,0.008,-0.02,0.997,0,0,0,1,0,0,0,1,0.159,0,-0.005,0.987,0,0,0,1,-0.077,0.001,0.037,0.996,0.127,0.001,-0.023,0.992,0,0,0,1,0,0,0,1,0.052,0.152,-0.586,-0.794,0.187,0.011,0.639,-0.746,-0.234,-0.165,-0.115,-0.951,0.114,-0.346,-0.164,0.917,0,0.15,0.4,-0.72,-0.5,0,0,-0.626,0,0,0,1,0,0,0,1,0,0,0,1,0,0,0,1,0,0,0,0,0,0,0.087,0.996,0,0,0.174,0.985,0,-0.143,0,0.99,0,0,0.087,0.996,0,0,0.087,0.996,0,0,0.087,0.996,0,0,0.087,0.996,0,0,0.087,0.996,0,0,0.087,0.996,0,0,0.087,0.996,0,0,0.087,0.996,0,0,0.087,0.996,0,0,0.087,0.996,0,0,0.087,0.996,0,0,0.087,0.996,0,0,-0.087,0.996,0,0,0,1,0,0,0,1,0,0,-0.087,0.996,0,0,-0.087,0.996,0,0,-0.087,0.996,0,0,-0.087,0.996,0,0,-0.087,0.996,0,0,-0.087,0.996,0,0,-0.087,0.996,0,0,-0.087,0.996,0,0,-0.087,0.996,0,0,-0.087,0.996,0,0,-0.087,0.996,0,0,-0.087,0.996,0,0,0,1
-0.126,0.004,0.001,0.992,0.056,0.015,-0.057,0.997,0.092,-0.012,0.038,0.995,0.082,-0.004,0.071,0.994,-0.006,0.008,-0.02,0.997,0,0,0,1,0,0,0,1,0.15,0,0.002,0.989,0,0,0,1,-0.069,0.005,-0.071,0.995,0.134,-0.069,-0.053,0.987,0,0,0,1,0,0,0,1,0.046,0.141,-0.578,-0.802,0.167,0.014,0.575,-0.801,-0.277,-0.127,-0.1,-0.947,-0.206,-0.805,0.053,0.554,0,0.15,0.4,-0.72,-0.5,0,0,-0.675,0,0,0,1,0,0,0,1,0,0,0,1,0,0,0,1,0,0,0,0,0,0,0.087,0.996,0,0,0.174,0.985,0,-0.143,0,0.99,0,0,0.087,0.996,0,0,0.087,0.996,0,0,0.087,0.996,0,0,0.087,0.996,0,0,0.087,0.996,0,0,0.087,0.996,0,0,0.087,0.996,0,0,0.087,0.996,0,0,0.087,0.996,0,0,0.087,0.996,0,0,0.087,0.996,0,0,0.087,0.996,0,0,-0.087,0.996,0,0,0,1,0,0,0,1,0,0,-0.087,0.996,0,0,-0.087,0.996,0,0,-0.087,0.996,0,0,-0.087,0.996,0,0,-0.087,0.996,0,0,-0.087,0.996,0,0,-0.087,0.996,0,0,-0.087,0.996,0,0,-0.087,0.996,0,0,-0.087,0.996,0,0,-0.087,0.996,0,0,-0.087,0.996,0,0,0,1
-0.1,-0.016,-0.002,0.995,0.034,0.015,-0.058,0.998,0.063,-0.009,0.026,0.998,0.073,-0.006,0.064,0.995,0.002,0.008,-0.02,0.999,0,0,0,1,0,0,0,1,0.114,-0.001,0.011,0.993,0,0,0,1,-0.072,0.013,-0.121,0.99,0.124,-0.015,-0.05,0.991,0,0,0,1,0,0,0,1,0.044,0.137,-0.565,-0.812,0.201,0.107,0.499,-0.836,-0.322,-0.138,-0.115,-0.93,-0.131,-0.901,0.01,0.414,0,0.15,0.4,-0.72,-0.5,0,0,-0.687,0,0,0,1,0,0,0,1,0,0,0,1,0,0,0,1,0,0,0,0,0,0,0.087,0.996,0,0,0.174,0.985,0,-0.143,0,0.99,0,0,0.087,0.996,0,0,0.087,0.996,0,0,0.087,0.996,0,0,0.087,0.996,0,0,0.087,0.996,0,0,0.087,0.996,0,0,0.087,0.996,0,0,0.087,0.996,0,0,0.087,0.996,0,0,0.087,0.996,0,0,0.087,0.996,0,0,0.087,0.996,0,0,-0.087,0.996,0,0,0,1,0,0,0,1,0,0,-0.087,0.996,0,0,-0.087,0.996,0,0,-0.087,0.996,0,0,-0.087,0.996,0,0,-0.087,0.996,0,0,-0.087,0.996,0,0,-0.087,0.996,0,0,-0.087,0.996,0,0,-0.087,0.996,0,0,-0.087,0.996,0,0,-0.087,0.996,0,0,-0.087,0.996,0,0,0,1
-0.103,-0.013,-0.001,0.995,0.032,0.014,-0.055,0.998,0.065,-0.009,0.03,0.997,0.078,-0.006,0.063,0.995,0.006,0.009,-0.02,0.998,0,0,0,1,0,0,0,1,0.115,-0.001,0.004,0.993,0,0,0,1,-0.084,0.01,-0.095,0.992,0.124,-0.011,-0.057,0.991,0,0,0,1,0,0,0,1,0.039,0.146,-0.56,-0.814,0.195,0.109,0.465,-0.857,-0.321,-0.161,-0.13,-0.924,-0.217,-0.833,0.102,0.499,0,0.15,0.4,-0.72,-0.5,0,0,-0.659,0,0,0,1,0,0,0,1,0,0,0,1,0,0,0,1,0,0,0,0,0,0,0.087,0.996,0,0,0.174,0.985,0,-0.143,0,0.99,0,0,0.087,0.996,0,0,0.087,0.996,0,0,0.087,0.996,0,0,0.087,0.996,0,0,0.087,0.996,0,0,0.087,0.996,0,0,0.087,0.996,0,0,0.087,0.996,0,0,0.087,0.996,0,0,0.087,0.996,0,0,0.087,0.996,0,0,0.087,0.996,0,0,-0.087,0.996,0,0,0,1,0,0,0,1,0,0,-0.087,0.996,0,0,-0.087,0.996,0,0,-0.087,0.996,0,0,-0.087,0.996,0,0,-0.087,0.996,0,0,-0.087,0.996,0,0,-0.087,0.996,0,0,-0.087,0.996,0,0,-0.087,0.996,0,0,-0.087,0.996,0,0,-0.087,0.996,0,0,-0.087,0.996,0,0,0,1
-0.104,-0.016,-0.002,0.994,0.032,0.015,-0.058,0.998,0.063,-0.009,0.028,0.998,0.08,-0.005,0.062,0.995,0.004,0.009,-0.02,0.998,0,0,0,1,0,0,0,1,0.117,-0.001,0.006,0.993,0,0,0,1,-0.075,0.008,-0.081,0.994,0.12,-0.03,-0.036,0.992,0,0,0,1,0,0,0,1,0.027,0.16,-0.571,-0.805,0.198,0.095,0.499,-0.838,-0.296,-0.132,-0.106,-0.94,-0.2,-0.842,0.08,0.494,0,0.15,0.4,-0.72,-0.5,0,0,-0.696,0,0,0,1,0,0,0,1,0,0,0,1,0,0,0,1,0,0,0,0,0,0,0.087,0.996,0,0,0.174,0.985,0,-0.143,0,0.99,0,0,0.087,0.996,0,0,0.087,0.996,0,0,0.087,0.996,0,0,0.087,0.996,0,0,0.087,0.996,0,0,0.087,0.996,0,0,0.087,0.996,0,0,0.087,0.996,0,0,0.087,0.996,0,0,0.087,0.996,0,0,0.087,0.996,0,0,0.087,0.996,0,0,-0.087,0.996,0,0,0,1,0,0,0,1,0,0,-0.087,0.996,0,0,-0.087,0.996,0,0,-0.087,0.996,0,0,-0.087,0.996,0,0,-0.087,0.996,0,0,-0.087,0.996,0,0,-0.087,0.996,0,0,-0.087,0.996,0,0,-0.087,0.996,0,0,-0.087,0.996,0,0,-0.087,0.996,0,0,-0.087,0.996,0,0,0,1
-0.111,-0.004,0,0.994,0.041,0.014,-0.055,0.998,0.057,-0.009,0.029,0.998,0.074,-0.006,0.071,0.995,0.027,0.008,-0.02,0.998,0,0,0,1,0,0,0,1,0.124,0,0.003,0.992,0,0,0,1,-0.091,0.007,-0.081,0.993,0.122,-0.012,-0.043,0.991,0,0,0,1,0,0,0,1,0.022,0.168,-0.58,-0.797,0.224,0.107,0.544,-0.802,-0.214,-0.138,-0.097,-0.962,-0.113,-0.891,-0.036,0.438,0,0.15,0.4,-0.72,-0.5,0,0,-0.677,0,0,0,1,0,0,0,1,0,0,0,1,0,0,0,1,0,0,0,0,0,0,0.087,0.996,0,0,0.174,0.985,0,-0.143,0,0.99,0,0,0.087,0.996,0,0,0.087,0.996,0,0,0.087,0.996,0,0,0.087,0.996,0,0,0.087,0.996,0,0,0.087,0.996,0,0,0.087,0.996,0,0,0.087,0.996,0,0,0.087,0.996,0,0,0.087,0.996,0,0,0.087,0.996,0,0,0.087,0.996,0,0,-0.087,0.996,0,0,0,1,0,0,0,1,0,0,-0.087,0.996,0,0,-0.087,0.996,0,0,-0.087,0.996,0,0,-0.087,0.996,0,0,-0.087,0.996,0,0,-0.087,0.996,0,0,-0.087,0.996,0,0,-0.087,0.996,0,0,-0.087,0.996,0,0,-0.087,0.996,0,0,-0.087,0.996,0,0,-0.087,0.996,0,0,0,1
-0.097,-0.004,0,0.995,0.029,0.014,-0.056,0.998,0.064,-0.009,0.028,0.998,0.077,-0.006,0.06,0.995,0,0.009,-0.02,0.998,0,0,0,1,0,0,0,1,0.109,-0.001,0.006,0.994,0,0,0,1,-0.092,0.009,-0.087,0.992,0.126,-0.016,-0.051,0.991,0,0,0,1,0,0,0,1,0.025,0.163,-0.58,-0.798,0.234,0.122,0.55,-0.792,-0.204,-0.125,-0.089,-0.967,-0.09,-0.88,-0.088,0.459,0,0.15,0.4,-0.72,-0.5,0,0,-0.719,0,0,0,1,0,0,0,1,0,0,0,1,0,0,0,1,0,0,0,0,0,0,0.087,0.996,0,0,0.174,0.985,0,-0.143,0,0.99,0,0,0.087,0.996,0,0,0.087,0.996,0,0,0.087,0.996,0,0,0.087,0.996,0,0,0.087,0.996,0,0,0.087,0.996,0,0,0.087,0.996,0,0,0.087,0.996,0,0,0.087,0.996,0,0,0.087,0.996,0,0,0.087,0.996,0,0,0.087,0.996,0,0,-0.087,0.996,0,0,0,1,0,0,0,1,0,0,-0.087,0.996,0,0,-0.087,0.996,0,0,-0.087,0.996,0,0,-0.087,0.996,0,0,-0.087,0.996,0,0,-0.087,0.996,0,0,-0.087,0.996,0,0,-0.087,0.996,0,0,-0.087,0.996,0,0,-0.087,0.996,0,0,-0.087,0.996,0,0,-0.087,0.996,0,0,0,1
-0.099,-0.01,-0.001,0.995,0.036,0.014,-0.054,0.998,0.063,-0.009,0.03,0.998,0.067,-0.006,0.061,0.996,-0.002,0.009,-0.02,0.998,0,0,0,1,0,0,0,1,0.114,-0.001,0.006,0.993,0,0,0,1,-0.067,0.008,-0.091,0.994,0.126,-0.044,-0.059,0.989,0,0,0,1,0,0,0,1,0.036,0.147,-0.58,-0.801,0.223,0.115,0.543,-0.802,-0.202,-0.128,-0.09,-0.967,-0.156,-0.867,0.024,0.473,0,0.15,0.4,-0.72,-0.5,0,0,-0.709,0,0,0,1,0,0,0,1,0,0,0,1,0,0,0,1,0,0,0,0,0,0,0.087,0.996,0,0,0.174,0.985,0,-0.143,0,0.99,0,0,0.087,0.996,0,0,0.087,0.996,0,0,0.087,0.996,0,0,0.087,0.996,0,0,0.087,0.996,0,0,0.087,0.996,0,0,0.087,0.996,0,0,0.087,0.996,0,0,0.087,0.996,0,0,0.087,0.996,0,0,0.087,0.996,0,0,0.087,0.996,0,0,-0.087,0.996,0,0,0,1,0,0,0,1,0,0,-0.087,0.996,0,0,-0.087,0.996,0,0,-0.087,0.996,0,0,-0.087,0.996,0,0,-0.087,0.996,0,0,-0.087,0.996,0,0,-0.087,0.996,0,0,-0.087,0.996,0,0,-0.087,0.996,0,0,-0.087,0.996,0,0,-0.087,0.996,0,0,-0.087,0.996,0,0,0,1
-0.096,-0.011,-0.001,0.995,0.033,0.014,-0.053,0.998,0.053,-0.009,0.031,0.998,0.077,-0.005,0.055,0.995,0.009,0.009,-0.02,0.998,0,0,0,1,0,0,0,1,0.11,-0.001,0.009,0.994,0,0,0,1,-0.056,0.004,-0.065,0.996,0.123,-0.045,-0.053,0.99,0,0,0,1,0,0,0,1,0.021,0.168,-0.578,-0.798,0.192,0.06,0.552,-0.809,-0.151,-0.126,-0.082,-0.977,-0.124,-0.858,-0.041,0.497,0,0.15,0.4,-0.72,-0.5,0,0,-0.705,0,0,0,1,0,0,0,1,0,0,0,1,0,0,0,1,0,0,0,0,0,0,0.087,0.996,0,0,0.174,0.985,0,-0.143,0,0.99,0,0,0.087,0.996,0,0,0.087,0.996,0,0,0.087,0.996,0,0,0.087,0.996,0,0,0.087,0.996,0,0,0.087,0.996,0,0,0.087,0.996,0,0,0.087,0.996,0,0,0.087,0.996,0,0,0.087,0.996,0,0,0.087,0.996,0,0,0.087,0.996,0,0,-0.087,0.996,0,0,0,1,0,0,0,1,0,0,-0.087,0.996,0,0,-0.087,0.996,0,0,-0.087,0.996,0,0,-0.087,0.996,0,0,-0.087,0.996,0,0,-0.087,0.996,0,0,-0.087,0.996,0,0,-0.087,0.996,0,0,-0.087,0.996,0,0,-0.087,0.996,0,0,-0.087,0.996,0,0,-0.087,0.996,0,0,0,1
-0.104,-0.018,-0.002,0.994,0.038,0.013,-0.05,0.998,0.066,-0.01,0.03,0.997,0.081,-0.004,0.052,0.995,0.006,0.008,-0.02,0.999,0,0,0,1,0,0,0,1,0.12,-0.002,0.013,0.993,0,0,0,1,-0.065,0,0.009,0.998,0.114,-0.001,-0.036,0.993,0,0,0,1,0,0,0,1,0.022,0.172,-0.593,-0.786,0.176,0.005,0.638,-0.75,-0.116,-0.111,-0.072,-0.984,0.153,-0.292,-0.156,0.931,0,0.15,0.4,-0.72,-0.5,0,0,-0.611,0,0,0,1,0,0,0,1,0,0,0,1,0,0,0,1,0,0,0,0,0,0,0.087,0.996,0,0,0.174,0.985,0,-0.143,0,0.99,0,0,0.087,0.996,0,0,0.087,0.996,0,0,0.087,0.996,0,0,0.087,0.996,0,0,0.087,0.996,0,0,0.087,0.996,0,0,0.087,0.996,0,0,0.087,0.996,0,0,0.087,0.996,0,0,0.087,0.996,0,0,0.087,0.996,0,0,0.087,0.996,0,0,-0.087,0.996,0,0,0,1,0,0,0,1,0,0,-0.087,0.996,0,0,-0.087,0.996,0,0,-0.087,0.996,0,0,-0.087,0.996,0,0,-0.087,0.996,0,0,-0.087,0.996,0,0,-0.087,0.996,0,0,-0.087,0.996,0,0,-0.087,0.996,0,0,-0.087,0.996,0,0,-0.087,0.996,0,0,-0.087,0.996,0,0,0,1
-0.09,-0.006,-0.001,0.996,0.024,0.013,-0.049,0.998,0.048,-0.01,0.034,0.998,0.087,-0.005,0.057,0.995,0.016,0.009,-0.02,0.998,0,0,0,1,0,0,0,1,0.11,-0.002,0.015,0.994,0,0,0,1,-0.08,0,0.016,0.997,0.123,-0.026,-0.03,0.992,0,0,0,1,0,0,0,1,0.046,0.15,-0.595,-0.788,0.135,-0.043,0.657,-0.741,-0.008,-0.14,-0.068,-0.988,0.002,-0.118,-0.062,0.991,0,0.15,0.4,-0.72,-0.5,0,0,-0.551,0,0,0,1,0,0,0,1,0,0,0,1,0,0,0,1,0,0,0,0,0,0,0.087,0.996,0,0,0.174,0.985,0,-0.143,0,0.99,0,0,0.087,0.996,0,0,0.087,0.996,0,0,0.087,0.996,0,0,0.087,0.996,0,0,0.087,0.996,0,0,0.087,0.996,0,0,0.087,0.996,0,0,0.087,0.996,0,0,0.087,0.996,0,0,0.087,0.996,0,0,0.087,0.996,0,0,0.087,0.996,0,0,-0.087,0.996,0,0,0,1,0,0,0,1,0,0,-0.087,0.996,0,0,-0.087,0.996,0,0,-0.087,0.996,0,0,-0.087,0.996,0,0,-0.087,0.996,0,0,-0.087,0.996,0,0,-0.087,0.996,0,0,-0.087,0.996,0,0,-0.087,0.996,0,0,-0.087,0.996,0,0,-0.087,0.996,0,0,-0.087,0.996,0,0,0,1
-0.102,-0.012,-0.001,0.995,0.043,0.013,-0.05,0.998,0.063,-0.01,0.032,0.997,0.075,-0.004,0.056,0.996,0.013,0.008,-0.02,0.998,0,0,0,1,0,0,0,1,0.121,-0.002,0.012,0.993,0,0,0,1,-0.069,0,0.009,0.998,0.121,0.022,0.005,0.992,0,0,0,1,0,0,0,1,0.052,0.153,-0.56,-0.813,0.132,-0.048,0.614,-0.777,0.037,-0.15,-0.064,-0.986,-0.049,-0.094,-0.051,0.993,0,0.15,0.4,-0.72,-0.5,0,0,-0.502,0,0,0,1,0,0,0,1,0,0,0,1,0,0,0,1,0,0,0,0,0,0,0.087,0.996,0,0,0.174,0.985,0,-0.143,0,0.99,0,0,0.087,0.996,0,0,0.087,0.996,0,0,0.087,0.996,0,0,0.087,0.996,0,0,0.087,0.996,0,0,0.087,0.996,0,0,0.087,0.996,0,0,0.087,0.996,0,0,0.087,0.996,0,0,0.087,0.996,0,0,0.087,0.996,0,0,0.087,0.996,0,0,-0.087,0.996,0,0,0,1,0,0,0,1,0,0,-0.087,0.996,0,0,-0.087,0.996,0,0,-0.087,0.996,0,0,-0.087,0.996,0,0,-0.087,0.996,0,0,-0.087,0.996,0,0,-0.087,0.996,0,0,-0.087,0.996,0,0,-0.087,0.996,0,0,-0.087,0.996,0,0,-0.087,0.996,0,0,-0.087,0.996,0,0,0,1
-0.089,-0.006,-0.001,0.996,0.024,0.013,-0.049,0.998,0.05,-0.01,0.033,0.998,0.066,-0.008,0.063,0.996,0.006,0.01,-0.02,0.998,0,0,0,1,0,0,0,1,0.106,-0.002,0.016,0.994,0,0,0,1,-0.065,0,-0.002,0.998,0.12,0.009,0,0.993,0,0,0,1,0,0,0,1,0.045,0.16,-0.581,-0.797,0.146,-0.034,0.637,-0.756,-0.009,-0.133,-0.066,-0.989,0.163,-0.189,-0.112,0.962,0,0.15,0.4,-0.72,-0.5,0,0,-0.655,0,0,0,1,0,0,0,1,0,0,0,1,0,0,0,1,0,0,0,0,0,0,0.087,0.996,0,0,0.174,0.985,0,-0.143,0,0.99,0,0,0.087,0.996,0,0,0.087,0.996,0,0,0.087,0.996,0,0,0.087,0.996,0,0,0.087,0.996,0,0,0.087,0.996,0,0,0.087,0.996,0,0,0.087,0.996,0,0,0.087,0.996,0,0,0.087,0.996,0,0,0.087,0.996,0,0,0.087,0.996,0,0,-0.087,0.996,0,0,0,1,0,0,0,1,0,0,-0.087,0.996,0,0,-0.087,0.996,0,0,-0.087,0.996,0,0,-0.087,0.996,0,0,-0.087,0.996,0,0,-0.087,0.996,0,0,-0.087,0.996,0,0,-0.087,0.996,0,0,-0.087,0.996,0,0,-0.087,0.996,0,0,-0.087,0.996,0,0,-0.087,0.996,0,0,0,1
-0.1,-0.011,-0.001,0.995,0.038,0.013,-0.049,0.998,0.054,-0.01,0.032,0.998,0.073,-0.005,0.058,0.996,0.018,0.008,-0.02,0.998,0,0,0,1,0,0,0,1,0.114,-0.002,0.012,0.993,0,0,0,1,-0.078,0,-0.005,0.997,0.132,0.028,0.012,0.991,0,0,0,1,0,0,0,1,0.05,0.153,-0.583,-0.797,0.15,-0.029,0.628,-0.763,-0.185,-0.153,-0.1,-0.966,-0.146,-0.683,-0.065,0.713,0,0.15,0.4,-0.72,-0.5,0,0,-0.692,0,0,0,1,0,0,0,1,0,0,0,1,0,0,0,1,0,0,0,0,0,0,0.087,0.996,0,0,0.174,0.985,0,-0.143,0,0.99,0,0,0.087,0.996,0,0,0.087,0.996,0,0,0.087,0.996,0,0,0.087,0.996,0,0,0.087,0.996,0,0,0.087,0.996,0,0,0.087,0.996,0,0,0.087,0.996,0,0,0.087,0.996,0,0,0.087,0.996,0,0,0.087,0.996,0,0,0.087,0.996,0,0,-0.087,0.996,0,0,0,1,0,0,0,1,0,0,-0.087,0.996,0,0,-0.087,0.996,0,0,-0.087,0.996,0,0,-0.087,0.996,0,0,-0.087,0.996,0,0,-0.087,0.996,0,0,-0.087,0.996,0,0,-0.087,0.996,0,0,-0.087,0.996,0,0,-0.087,0.996,0,0,-0.087,0.996,0,0,-0.087,0.996,0,0,0,1
-0.11,-0.01,-0.001,0.994,0.04,0.013,-0.051,0.998,0.071,-0.01,0.032,0.997,0.087,-0.004,0.058,0.995,0.012,0.007,-0.02,0.998,0,0,0,1,0,0,0,1,0.124,-0.002,0.016,0.992,0,0,0,1,-0.06,0.005,-0.093,0.994,0.12,-0.023,-0.034,0.992,0,0,0,1,0,0,0,1,0.047,0.142,-0.562,-0.813,0.21,0.098,0.516,-0.824,-0.215,-0.149,-0.103,-0.96,-0.139,-0.869,-0.007,0.474,0,0.15,0.4,-0.72,-0.5,0,0,-0.719,0,0,0,1,0,0,0,1,0,0,0,1,0,0,0,1,0,0,0,0,0,0,0.087,0.996,0,0,0.174,0.985,0,-0.143,0,0.99,0,0,0.087,0.996,0,0,0.087,0.996,0,0,0.087,0.996,0,0,0.087,0.996,0,0,0.087,0.996,0,0,0.087,0.996,0,0,0.087,0.996,0,0,0.087,0.996,0,0,0.087,0.996,0,0,0.087,0.996,0,0,0.087,0.996,0,0,0.087,0.996,0,0,-0.087,0.996,0,0,0,1,0,0,0,1,0,0,-0.087,0.996,0,0,-0.087,0.996,0,0,-0.087,0.996,0,0,-0.087,0.996,0,0,-0.087,0.996,0,0,-0.087,0.996,0,0,-0.087,0.996,0,0,-0.087,0.996,0,0,-0.087,0.996,0,0,-0.087,0.996,0,0,-0.087,0.996,0,0,-0.087,0.996,0,0,0,1
-0.098,-0.005,-0.001,0.995,0.031,0.014,-0.053,0.998,0.055,-0.01,0.032,0.998,0.084,-0.005,0.065,0.994,0.011,0.008,-0.02,0.998,0,0,0,1,0,0,0,1,0.111,-0.003,0.019,0.994,0,0,0,1,-0.073,0.009,-0.131,0.989,0.129,-0.032,-0.066,0.989,0,0,0,1,0,0,0,1,0.063,0.124,-0.555,-0.82,0.239,0.13,0.54,-0.797,-0.152,-0.147,-0.092,-0.973,-0.148,-0.863,0.004,0.484,0,0.15,0.4,-0.72,-0.5,0,0,-0.726,0,0,0,1,0,0,0,1,0,0,0,1,0,0,0,1,0,0,0,0,0,0,0.087,0.996,0,0,0.174,0.985,0,-0.143,0,0.99,0,0,0.087,0.996,0,0,0.087,0.996,0,0,0.087,0.996,0,0,0.087,0.996,0,0,0.087,0.996,0,0,0.087,0.996,0,0,0.087,0.996,0,0,0.087,0.996,0,0,0.087,0.996,0,0,0.087,0.996,0,0,0.087,0.996,0,0,0.087,0.996,0,0,-0.087,0.996,0,0,0,1,0,0,0,1,0,0,-0.087,0.996,0,0,-0.087,0.996,0,0,-0.087,0.996,0,0,-0.087,0.996,0,0,-0.087,0.996,0,0,-0.087,0.996,0,0,-0.087,0.996,0,0,-0.087,0.996,0,0,-0.087,0.996,0,0,-0.087,0.996,0,0,-0.087,0.996,0,0,-0.087,0.996,0,0,0,1
-0.105,-0.018,-0.002,0.994,0.044,0.013,-0.052,0.998,0.067,-0.01,0.03,0.997,0.07,-0.005,0.058,0.996,0.008,0.007,-0.02,0.999,0,0,0,1,0,0,0,1,0.121,-0.002,0.019,0.992,0,0,0,1,-0.06,0.009,-0.103,0.993,0.125,-0.041,-0.054,0.99,0,0,0,1,0,0,0,1,0.016,0.17,-0.572,-0.802,0.21,0.096,0.549,-0.803,-0.037,-0.165,-0.079,-0.982,-0.192,-0.833,0.055,0.515,0,0.15,0.4,-0.72,-0.5,0,0,-0.696,0,0,0,1,0,0,0,1,0,0,0,1,0,0,0,1,0,0,0,0,0,0,0.087,0.996,0,0,0.174,0.985,0,-0.143,0,0.99,0,0,0.087,0.996,0,0,0.087,0.996,0,0,0.087,0.996,0,0,0.087,0.996,0,0,0.087,0.996,0,0,0.087,0.996,0,0,0.087,0.996,0,0,0.087,0.996,0,0,0.087,0.996,0,0,0.087,0.996,0,0,0.087,0.996,0,0,0.087,0.996,0,0,-0.087,0.996,0,0,0,1,0,0,0,1,0,0,-0.087,0.996,0,0,-0.087,0.996,0,0,-0.087,0.996,0,0,-0.087,0.996,0,0,-0.087,0.996,0,0,-0.087,0.996,0,0,-0.087,0.996,0,0,-0.087,0.996,0,0,-0.087,0.996,0,0,-0.087,0.996,0,0,-0.087,0.996,0,0,-0.087,0.996,0,0,0,1
-0.1,-0.014,-0.001,0.995,0.029,0.013,-0.05,0.998,0.055,-0.01,0.033,0.998,0.085,-0.005,0.062,0.994,0.018,0.008,-0.02,0.998,0,0,0,1,0,0,0,1,0.115,-0.002,0.018,0.993,0,0,0,1,-0.028,0.008,-0.096,0.995,0.115,0.003,-0.031,0.993,0,0,0,1,0,0,0,1,0.016,0.163,-0.595,-0.787,0.197,0.082,0.55,-0.807,-0.12,-0.14,-0.084,-0.979,-0.149,-0.877,0.022,0.456,0,0.15,0.4,-0.72,-0.5,0,0,-0.739,0,0,0,1,0,0,0,1,0,0,0,1,0,0,0,1,0,0,0,0,0,0,0.087,0.996,0,0,0.174,0.985,0,-0.143,0,0.99,0,0,0.087,0.996,0,0,0.087,0.996,0,0,0.087,0.996,0,0,0.087,0.996,0,0,0.087,0.996,0,0,0.087,0.996,0,0,0.087,0.996,0,0,0.087,0.996,0,0,0.087,0.996,0,0,0.087,0.996,0,0,0.087,0.996,0,0,0.087,0.996,0,0,-0.087,0.996,0,0,0,1,0,0,0,1,0,0,-0.087,0.996,0,0,-0.087,0.996,0,0,-0.087,0.996,0,0,-0.087,0.996,0,0,-0.087,0.996,0,0,-0.087,0.996,0,0,-0.087,0.996,0,0,-0.087,0.996,0,0,-0.087,0.996,0,0,-0.087,0.996,0,0,-0.087,0.996,0,0,-0.087,0.996,0,0,0,1
-0.098,-0.001,0,0.995,0.029,0.012,-0.047,0.998,0.061,-0.01,0.032,0.998,0.08,-0.005,0.058,0.995,0.005,0.009,-0.02,0.998,0,0,0,1,0,0,0,1,0.113,-0.002,0.016,0.994,0,0,0,1,-0.047,0.01,-0.11,0.993,0.121,0.054,-0.056,0.99,0,0,0,1,0,0,0,1,0.041,0.136,-0.576,-0.805,0.208,0.097,0.55,-0.803,-0.18,-0.153,-0.099,-0.967,-0.119,-0.878,-0.036,0.462,0,0.15,0.4,-0.72,-0.5,0,0,-0.733,0,0,0,1,0,0,0,1,0,0,0,1,0,0,0,1,0,0,0,0,0,0,0.087,0.996,0,0,0.174,0.985,0,-0.143,0,0.99,0,0,0.087,0.996,0,0,0.087,0.996,0,0,0.087,0.996,0,0,0.087,0.996,0,0,0.087,0.996,0,0,0.087,0.996,0,0,0.087,0.996,0,0,0.087,0.996,0,0,0.087,0.996,0,0,0.087,0.996,0,0,0.087,0.996,0,0,0.087,0.996,0,0,-0.087,0.996,0,0,0,1,0,0,0,1,0,0,-0.087,0.996,0,0,-0.087,0.996,0,0,-0.087,0.996,0,0,-0.087,0.996,0,0,-0.087,0.996,0,0,-0.087,0.996,0,0,-0.087,0.996,0,0,-0.087,0.996,0,0,-0.087,0.996,0,0,-0.087,0.996,0,0,-0.087,0.996,0,0,-0.087,0.996,0,0,0,1
-0.101,-0.012,-0.001,0.995,0.03,0.013,-0.048,0.998,0.071,-0.01,0.031,0.997,0.084,-0.004,0.052,0.995,-0.01,0.008,-0.02,0.999,0,0,0,1,0,0,0,1,0.118,-0.003,0.021,0.993,0,0,0,1,-0.04,0.013,-0.144,0.989,0.119,0.033,-0.044,0.991,0,0,0,1,0,0,0,1,0.045,0.132,-0.551,-0.823,0.194,0.074,0.559,-0.803,-0.224,-0.151,-0.105,-0.957,-0.126,-0.877,-0.024,0.464,0,0.15,0.4,-0.72,-0.5,0,0,-0.661,0,0,0,1,0,0,0,1,0,0,0,1,0,0,0,1,0,0,0,0,0,0,0.087,0.996,0,0,0.174,0.985,0,-0.143,0,0.99,0,0,0.087,0.996,0,0,0.087,0.996,0,0,0.087,0.996,0,0,0.087,0.996,0,0,0.087,0.996,0,0,0.087,0.996,0,0,0.087,0.996,0,0,0.087,0.996,0,0,0.087,0.996,0,0,0.087,0.996,0,0,0.087,0.996,0,0,0.087,0.996,0,0,-0.087,0.996,0,0,0,1,0,0,0,1,0,0,-0.087,0.996,0,0,-0.087,0.996,0,0,-0.087,0.996,0,0,-0.087,0.996,0,0,-0.087,0.996,0,0,-0.087,0.996,0,0,-0.087,0.996,0,0,-0.087,0.996,0,0,-0.087,0.996,0,0,-0.087,0.996,0,0,-0.087,0.996,0,0,-0.087,0.996,0,0,0,1
-0.09,-0.008,-0.001,0.996,0.017,0.012,-0.049,0.999,0.058,-0.01,0.032,0.998,0.084,-0.005,0.054,0.995,-0.017,0.011,-0.02,0.998,0,0,0,1,0,0,0,1,0.104,-0.003,0.02,0.994,0,0,0,1,-0.056,0.006,-0.096,0.994,0.121,0.03,-0.03,0.992,0,0,0,1,0,0,0,1,0.047,0.14,-0.565,-0.812,0.204,0.081,0.539,-0.814,-0.181,-0.147,-0.096,-0.968,-0.196,-0.84,0.069,0.502,0,0.15,0.4,-0.72,-0.5,0,0,-0.641,0,0,0,1,0,0,0,1,0,0,0,1,0,0,0,1,0,0,0,0,0,0,0.087,0.996,0,0,0.174,0.985,0,-0.143,0,0.99,0,0,0.087,0.996,0,0,0.087,0.996,0,0,0.087,0.996,0,0,0.087,0.996,0,0,0.087,0.996,0,0,0.087,0.996,0,0,0.087,0.996,0,0,0.087,0.996,0,0,0.087,0.996,0,0,0.087,0.996,0,0,0.087,0.996,0,0,0.087,0.996,0,0,-0.087,0.996,0,0,0,1,0,0,0,1,0,0,-0.087,0.996,0,0,-0.087,0.996,0,0,-0.087,0.996,0,0,-0.087,0.996,0,0,-0.087,0.996,0,0,-0.087,0.996,0,0,-0.087,0.996,0,0,-0.087,0.996,0,0,-0.087,0.996,0,0,-0.087,0.996,0,0,-0.087,0.996,0,0,-0.087,0.996,0,0,0,1
-0.097,-0.013,-0.001,0.995,0.034,0.013,-0.051,0.998,0.07,-0.009,0.028,0.997,0.07,-0.006,0.057,0.996,-0.018,0.009,-0.02,0.998,0,0,0,1,0,0,0,1,0.112,-0.002,0.017,0.994,0,0,0,1,-0.053,0.007,-0.093,0.994,0.123,0.053,-0.029,0.991,0,0,0,1,0,0,0,1,0.035,0.148,-0.583,-0.798,0.197,0.075,0.543,-0.813,-0.079,-0.137,-0.077,-0.984,-0.116,-0.882,-0.038,0.455,0,0.15,0.4,-0.72,-0.5,0,0,-0.772,0,0,0,1,0,0,0,1,0,0,0,1,0,0,0,1,0,0,0,0,0,0,0.087,0.996,0,0,0.174,0.985,0,-0.143,0,0.99,0,0,0.087,0.996,0,0,0.087,0.996,0,0,0.087,0.996,0,0,0.087,0.996,0,0,0.087,0.996,0,0,0.087,0.996,0,0,0.087,0.996,0,0,0.087,0.996,0,0,0.087,0.996,0,0,0.087,0.996,0,0,0.087,0.996,0,0,0.087,0.996,0,0,-0.087,0.996,0,0,0,1,0,0,0,1,0,0,-0.087,0.996,0,0,-0.087,0.996,0,0,-0.087,0.996,0,0,-0.087,0.996,0,0,-0.087,0.996,0,0,-0.087,0.996,0,0,-0.087,0.996,0,0,-0.087,0.996,0,0,-0.087,0.996,0,0,-0.087,0.996,0,0,-0.087,0.996,0,0,-0.087,0.996,0,0,0,1
-0.099,-0.004,0,0.995,0.022,0.013,-0.049,0.998,0.062,-0.01,0.032,0.997,0.092,-0.005,0.057,0.994,-0.002,0.009,-0.02,0.998,0,0,0,1,0,0,0,1,0.112,-0.002,0.016,0.994,0,0,0,1,-0.049,0.006,-0.069,0.996,0.123,0.019,-0.013,0.992,0,0,0,1,0,0,0,1,0.031,0.149,-0.577,-0.802,0.212,0.114,0.528,-0.815,-0.148,-0.142,-0.089,-0.975,-0.125,-0.861,-0.037,0.491,0,0.15,0.4,-0.72,-0.378,-0.09,0,-0.775,0,0,0,1,0,0,0,1,0,0,0,1,0,0,0,1,0,0,0,0,0,0,0.087,0.996,0,0,0.174,0.985,0,-0.143,0,0.99,0,0,0.087,0.996,0,0,0.087,0.996,0,0,0.087,0.996,0,0,0.087,0.996,0,0,0.087,0.996,0,0,0.087,0.996,0,0,0.087,0.996,0,0,0.087,0.996,0,0,0.087,0.996,0,0,0.087,0.996,0,0,0.087,0.996,0,0,0.087,0.996,0,0,-0.087,0.996,0,0,0,1,0,0,0,1,0,0,-0.087,0.996,0,0,-0.087,0.996,0,0,-0.087,0.996,0,0,-0.087,0.996,0,0,-0.087,0.996,0,0,-0.087,0.996,0,0,-0.087,0.996,0,0,-0.087,0.996,0,0,-0.087,0.996,0,0,-0.087,0.996,0,0,-0.087,0.996,0,0,-0.087,0.996,0,0,0,1
-0.098,-0.006,-0.001,0.995,0.019,0.013,-0.049,0.999,0.058,-0.01,0.034,0.998,0.097,-0.005,0.061,0.993,0.005,0.009,-0.02,0.998,0,0,0,1,0,0,0,1,0.115,-0.003,0.02,0.993,0,0,0,1,-0.036,0.003,-0.063,0.997,0.12,0.004,-0.013,0.993,0,0,0,1,0,0,0,1,0.027,0.159,-0.576,-0.802,0.212,0.115,0.506,-0.828,-0.208,-0.145,-0.099,-0.962,-0.193,-0.834,0.058,0.514,0,0.15,0.4,-0.72,-0.478,-0.082,-0.1,-0.789,0,0,0,1,0,0,0,1,0,0,0,1,0,0,0,1,0,0,0,0,0,0,0.087,0.996,0,0,0.174,0.985,0,-0.143,0,0.99,0,0,0.087,0.996,0,0,0.087,0.996,0,0,0.087,0.996,0,0,0.087,0.996,0,0,0.087,0.996,0,0,0.087,0.996,0,0,0.087,0.996,0,0,0.087,0.996,0,0,0.087,0.996,0,0,0.087,0.996,0,0,0.087,0.996,0,0,0.087,0.996,0,0,-0.087,0.996,0,0,0,1,0,0,0,1,0,0,-0.087,0.996,0,0,-0.087,0.996,0,0,-0.087,0.996,0,0,-0.087,0.996,0,0,-0.087,0.996,0,0,-0.087,0.996,0,0,-0.087,0.996,0,0,-0.087,0.996,0,0,-0.087,0.996,0,0,-0.087,0.996,0,0,-0.087,0.996,0,0,-0.087,0.996,0,0,0,1
-0.099,-0.003,0,0.995,0.026,0.013,-0.051,0.998,0.059,-0.01,0.032,0.998,0.092,-0.005,0.062,0.994,0.013,0.008,-0.02,0.998,0,0,0,1,0,0,0,1,0.118,-0.003,0.022,0.993,0,0,0,1,-0.067,0.009,-0.102,0.992,0.124,0.021,-0.013,0.992,0,0,0,1,0,0,0,1,0.025,0.161,-0.57,-0.805,0.234,0.141,0.528,-0.804,-0.176,-0.167,-0.105,-0.964,-0.131,-0.861,-0.028,0.491,0,0.15,0.4,-0.72,-0.529,-0.045,-0.14,-0.746,0,0,0,1,0,0,0,1,0,0,0,1,0,0,0,1,0,0,0,0,0,0,0.087,0.996,0,0,0.174,0.985,0,-0.143,0,0.99,0,0,0.087,0.996,0,0,0.087,0.996,0,0,0.087,0.996,0,0,0.087,0.996,0,0,0.087,0.996,0,0,0.087,0.996,0,0,0.087,0.996,0,0,0.087,0.996,0,0,0.087,0.996,0,0,0.087,0.996,0,0,0.087,0.996,0,0,0.087,0.996,0,0,-0.087,0.996,0,0,0,1,0,0,0,1,0,0,-0.087,0.996,0,0,-0.087,0.996,0,0,-0.087,0.996,0,0,-0.087,0.996,0,0,-0.087,0.996,0,0,-0.087,0.996,0,0,-0.087,0.996,0,0,-0.087,0.996,0,0,-0.087,0.996,0,0,-0.087,0.996,0,0,-0.087,0.996,0,0,-0.087,0.996,0,0,0,1
-0.103,-0.014,-0.001,0.995,0.031,0.013,-0.05,0.998,0.056,-0.01,0.033,0.998,0.091,-0.004,0.06,0.994,0.024,0.007,-0.02,0.998,0,0,0,1,0,0,0,1,0.121,-0.003,0.021,0.992,0,0,0,1,-0.068,0.009,-0.089,0.994,0.129,0.014,-0.02,0.991,0,0,0,1,0,0,0,1,0.022,0.163,-0.572,-0.803,0.23,0.134,0.532,-0.803,-0.161,-0.185,-0.11,-0.963,-0.173,-0.842,0.031,0.51,0,0.15,0.4,-0.72,-0.573,-0.087,-0.24,-0.767,0,0,0,1,0,0,0,1,0,0,0,1,0,0,0,1,0,0,0,0,0,0,0.087,0.996,0,0,0.174,0.985,0,-0.143,0,0.99,0,0,0.087,0.996,0,0,0.087,0.996,0,0,0.087,0.996,0,0,0.087,0.996,0,0,0.087,0.996,0,0,0.087,0.996,0,0,0.087,0.996,0,0,0.087,0.996,0,0,0.087,0.996,0,0,0.087,0.996,0,0,0.087,0.996,0,0,0.087,0.996,0,0,-0.087,0.996,0,0,0,1,0,0,0,1,0,0,-0.087,0.996,0,0,-0.087,0.996,0,0,-0.087,0.996,0,0,-0.087,0.996,0,0,-0.087,0.996,0,0,-0.087,0.996,0,0,-0.087,0.996,0,0,-0.087,0.996,0,0,-0.087,0.996,0,0,-0.087,0.996,0,0,-0.087,0.996,0,0,-0.087,0.996,0,0,0,1
-0.101,-0.005,-0.001,0.995,0.029,0.013,-0.052,0.998,0.049,-0.01,0.033,0.998,0.087,-0.005,0.063,0.994,0.024,0.008,-0.02,0.998,0,0,0,1,0,0,0,1,0.127,-0.002,0.016,0.992,0,0,0,1,-0.058,0.007,-0.068,0.996,0.11,-0.041,-0.012,0.993,0,0,0,1,0,0,0,1,0.033,0.148,-0.569,-0.808,0.157,0.026,0.535,-0.83,-0.278,-0.144,-0.111,-0.943,-0.221,-0.771,0.049,0.596,0,0.15,0.4,-0.72,-0.613,-0.201,-0.3,-0.674,0,0,0,1,0,0,0,1,0,0,0,1,0,0,0,1,0,0,0,0,0,0,0.087,0.996,0,0,0.174,0.985,0,-0.143,0,0.99,0,0,0.087,0.996,0,0,0.087,0.996,0,0,0.087,0.996,0,0,0.087,0.996,0,0,0.087,0.996,0,0,0.087,0.996,0,0,0.087,0.996,0,0,0.087,0.996,0,0,0.087,0.996,0,0,0.087,0.996,0,0,0.087,0.996,0,0,0.087,0.996,0,0,-0.087,0.996,0,0,0,1,0,0,0,1,0,0,-0.087,0.996,0,0,-0.087,0.996,0,0,-0.087,0.996,0,0,-0.087,0.996,0,0,-0.087,0.996,0,0,-0.087,0.996,0,0,-0.087,0.996,0,0,-0.087,0.996,0,0,-0.087,0.996,0,0,-0.087,0.996,0,0,-0.087,0.996,0,0,-0.087,0.996,0,0,0,1
-0.111,0,0,0.994,0.053,0.013,-0.051,0.997,0.066,-0.01,0.032,0.997,0.078,-0.004,0.062,0.995,0.031,0.006,-0.02,0.998,0,0,0,1,0,0,0,1,0.143,-0.002,0.022,0.989,0,0,0,1,0.091,0,0.018,-0.996,-0.121,-0.039,0.002,-0.992,0,0,0,1,0,0,0,1,-0.068,-0.125,0.589,0.795,-0.123,0.056,-0.624,0.77,-0.254,-0.112,-0.089,-0.957,-0.145,-0.124,-0.045,0.98,0,0.15,0.4,-0.72,-0.665,-0.26,-0.39,0.516,0,0,0,1,0,0,0,1,0,0,0,1,0,0,0,1,0,0,0,0,0,0,0.087,0.996,0,0,0.174,0.985,0,-0.143,0,0.99,0,0,0.087,0.996,0,0,0.087,0.996,0,0,0.087,0.996,0,0,0.087,0.996,0,0,0.087,0.996,0,0,0.087,0.996,0,0,0.087,0.996,0,0,0.087,0.996,0,0,0.087,0.996,0,0,0.087,0.996,0,0,0.087,0.996,0,0,0.087,0.996,0,0,-0.087,0.996,0,0,0,1,0,0,0,1,0,0,-0.087,0.996,0,0,-0.087,0.996,0,0,-0.087,0.996,0,0,-0.087,0.996,0,0,-0.087,0.996,0,0,-0.087,0.996,0,0,-0.087,0.996,0,0,-0.087,0.996,0,0,-0.087,0.996,0,0,-0.087,0.996,0,0,-0.087,0.996,0,0,-0.087,0.996,0,0,0,1
-0.119,0.006,0.001,0.993,0.057,0.013,-0.048,0.997,0.08,-0.011,0.037,0.996,0.06,-0.005,0.065,0.996,-0.002,0.008,-0.02,0.998,0,0,0,1,0,0,0,1,0.158,-0.001,0.015,0.987,0,0,0,1,-0.079,0,0,0.997,0.121,0.034,-0.01,0.992,0,0,0,1,0,0,0,1,0.051,0.138,-0.618,-0.772,0.11,-0.072,0.625,-0.77,-0.155,-0.162,-0.098,-0.97,0.024,-0.077,-0.053,0.995,0,0.15,0.4,-0.72,-0.7,-0.246,0.349,-0.572,0,0,0,1,0,0,0,1,0,0,0,1,0,0,0,1,0,0,0,0,0,0,0.087,0.996,0,0,0.174,0.985,0,-0.143,0,0.99,0,0,0.087,0.996,0,0,0.087,0.996,0,0,0.087,0.996,0,0,0.087,0.996,0,0,0.087,0.996,0,0,0.087,0.996,0,0,0.087,0.996,0,0,0.087,0.996,0,0,0.087,0.996,0,0,0.087,0.996,0,0,0.087,0.996,0,0,0.087,0.996,0,0,-0.087,0.996,0,0,0,1,0,0,0,1,0,0,-0.087,0.996,0,0,-0.087,0.996,0,0,-0.087,0.996,0,0,-0.087,0.996,0,0,-0.087,0.996,0,0,-0.087,0.996,0,0,-0.087,0.996,0,0,-0.087,0.996,0,0,-0.087,0.996,0,0,-0.087,0.996,0,0,-0.087,0.996,0,0,-0.087,0.996,0,0,0,1
-0.131,0.006,0.001,0.991,0.069,0.012,-0.045,0.997,0.115,-0.013,0.045,0.992,0.074,-0.002,0.051,0.996,-0.032,0.008,-0.02,0.997,0,0,0,1,0,0,0,1,0.173,-0.001,0.012,0.985,0,0,0,1,-0.079,0,0,0.997,0.121,0.034,-0.01,0.992,0,0,0,1,0,0,0,1,0.051,0.138,-0.618,-0.772,0.11,-0.072,0.625,-0.77,-0.155,-0.162,-0.098,-0.97,0.024,-0.077,-0.053,0.995,0,0.15,0.4,-0.72,-0.7,-0.246,0.349,-0.572,0,0,0,1,0,0,0,1,0,0,0,1,0,0,0,1,0,0,0,0,0,0,0.087,0.996,0,0,0.174,0.985,0,-0.143,0,0.99,0,0,0.087,0.996,0,0,0.087,0.996,0,0,0.087,0.996,0,0,0.087,0.996,0,0,0.087,0.996,0,0,0.087,0.996,0,0,0.087,0.996,0,0,0.087,0.996,0,0,0.087,0.996,0,0,0.087,0.996,0,0,0.087,0.996,0,0,0.087,0.996,0,0,-0.087,0.996,0,0,0,1,0,0,0,1,0,0,-0.087,0.996,0,0,-0.087,0.996,0,0,-0.087,0.996,0,0,-0.087,0.996,0,0,-0.087,0.996,0,0,-0.087,0.996,0,0,-0.087,0.996,0,0,-0.087,0.996,0,0,-0.087,0.996,0,0,-0.087,0.996,0,0,-0.087,0.996,0,0,-0.087,0.996,0,0,0,1
-0.135,0.012,0.002,0.991,0.079,0.013,-0.05,0.996,0.117,-0.013,0.043,0.992,0.056,-0.003,0.054,0.997,-0.035,0.008,-0.02,0.997,0,0,0,1,0,0,0,1,0.177,-0.001,0.016,0.984,0,0,0,1,-0.079,0,0,0.997,0.121,0.034,-0.01,0.992,0,0,0,1,0,0,0,1,0.051,0.138,-0.618,-0.772,0.11,-0.072,0.625,-0.77,-0.155,-0.162,-0.098,-0.97,0.024,-0.077,-0.053,0.995,0,0.15,0.4,-0.72,-0.7,-0.246,0.349,-0.572,0,0,0,1,0,0,0,1,0,0,0,1,0,0,0,1,0,0,0,0,0,0,0.087,0.996,0,0,0.174,0.985,0,-0.143,0,0.99,0,0,0.087,0.996,0,0,0.087,0.996,0,0,0.087,0.996,0,0,0.087,0.996,0,0,0.087,0.996,0,0,0.087,0.996,0,0,0.087,0.996,0,0,0.087,0.996,0,0,0.087,0.996,0,0,0.087,0.996,0,0,0.087,0.996,0,0,0.087,0.996,0,0,-0.087,0.996,0,0,0,1,0,0,0,1,0,0,-0.087,0.996,0,0,-0.087,0.996,0,0,-0.087,0.996,0,0,-0.087,0.996,0,0,-0.087,0.996,0,0,-0.087,0.996,0,0,-0.087,0.996,0,0,-0.087,0.996,0,0,-0.087,0.996,0,0,-0.087,0.996,0,0,-0.087,0.996,0,0,-0.087,0.996,0,0,0,1
-0.134,0.008,0.001,0.991,0.085,0.013,-0.048,0.995,0.115,-0.013,0.043,0.992,0.048,-0.003,0.053,0.997,-0.024,0.007,-0.02,0.997,0,0,0,1,0,0,0,1,0.176,-0.001,0.016,0.984,0,0,0,1,-0.078,0,0.012,0.997,0.123,0.023,-0.014,0.992,0,0,0,1,0,0,0,1,0.051,0.143,-0.607,-0.779,0.136,-0.044,0.63,-0.762,-0.155,-0.162,-0.098,-0.97,0.054,-0.167,-0.09,0.969,0,0.15,0.4,-0.72,-0.533,-0.164,0.233,-0.59,0,0,0,1,0,0,0,1,0,0,0,1,0,0,0,1,0,0,0,0,0,0,0.087,0.996,0,0,0.174,0.985,0,-0.143,0,0.99,0,0,0.087,0.996,0,0,0.087,0.996,0,0,0.087,0.996,0,0,0.087,0.996,0,0,0.087,0.996,0,0,0.087,0.996,0,0,0.087,0.996,0,0,0.087,0.996,0,0,0.087,0.996,0,0,0.087,0.996,0,0,0.087,0.996,0,0,0.087,0.996,0,0,-0.087,0.996,0,0,0,1,0,0,0,1,0,0,-0.087,0.996,0,0,-0.087,0.996,0,0,-0.087,0.996,0,0,-0.087,0.996,0,0,-0.087,0.996,0,0,-0.087,0.996,0,0,-0.087,0.996,0,0,-0.087,0.996,0,0,-0.087,0.996,0,0,-0.087,0.996,0,0,-0.087,0.996,0,0,-0.087,0.996,0,0,0,1
-0.133,0.015,0.002,0.991,0.082,0.013,-0.048,0.995,0.116,-0.013,0.045,0.992,0.049,-0.003,0.053,0.997,-0.034,0.008,-0.02,0.997,0,0,0,1,0,0,0,1,0.174,-0.001,0.015,0.985,0,0,0,1,-0.078,0.001,0.025,0.996,0.125,0.012,-0.019,0.992,0,0,0,1,0,0,0,1,0.052,0.147,-0.597,-0.787,0.161,-0.017,0.634,-0.754,-0.155,-0.162,-0.098,-0.97,0.084,-0.256,-0.127,0.943,0,0.15,0.4,-0.72,-0.367,-0.082,0.116,-0.608,0,0,0,1,0,0,0,1,0,0,0,1,0,0,0,1,0,0,0,0,0,0,0.087,0.996,0,0,0.174,0.985,0,-0.143,0,0.99,0,0,0.087,0.996,0,0,0.087,0.996,0,0,0.087,0.996,0,0,0.087,0.996,0,0,0.087,0.996,0,0,0.087,0.996,0,0,0.087,0.996,0,0,0.087,0.996,0,0,0.087,0.996,0,0,0.087,0.996,0,0,0.087,0.996,0,0,0.087,0.996,0,0,-0.087,0.996,0,0,0,1,0,0,0,1,0,0,-0.087,0.996,0,0,-0.087,0.996,0,0,-0.087,0.996,0,0,-0.087,0.996,0,0,-0.087,0.996,0,0,-0.087,0.996,0,0,-0.087,0.996,0,0,-0.087,0.996,0,0,-0.087,0.996,0,0,-0.087,0.996,0,0,-0.087,0.996,0,0,-0.087,0.996,0,0,0,1
-0.132,0.014,0.002,0.991,0.071,0.014,-0.053,0.996,0.112,-0.013,0.042,0.993,0.069,-0.003,0.061,0.996,-0.027,0.008,-0.020,0.997,0.000,0.000,0.000,1.000,0.000,0.000,0.000,1.000,0.167,-0.001,0.005,0.986,0.000,0.000,0.000,1.000,-0.078,0.001,0.031,0.996,0.126,0.007,-0.021,0.992,0.000,0.000,0.000,1.000,0.000,0.000,0.000,1.000,0.052,0.150,-0.592,-0.791,0.174,-0.003,0.637,-0.750,-0.195,-0.164,-0.107,-0.961,0.099,-0.301,-0.146,0.930,0.000,0.150,0.400,-0.720,-0.434,-0.041,0.058,-0.617,0.000,0.000,0.000,1.000,0.000,0.000,0.000,1.000,0.000,0.000,0.000,1.000,0.000,0.000,0.000,1.000,0.000,0.000,0.000,0.000,0.000,0.000,0.087,0.996,0.000,0.000,0.174,0.985,0.000,-0.143,0.000,0.990,0.000,0.000,0.087,0.996,0.000,0.000,0.087,0.996,0.000,0.000,0.087,0.996,0.000,0.000,0.087,0.996,0.000,0.000,0.087,0.996,0.000,0.000,0.087,0.996,0.000,0.000,0.087,0.996,0.000,0.000,0.087,0.996,0.000,0.000,0.087,0.996,0.000,0.000,0.087,0.996,0.000,0.000,0.087,0.996,0.000,0.000,0.087,0.996,0.000,0.000,-0.087,0.996,0.000,0.000,0.000,1.000,0.000,0.000,0.000,1.000,0.000,0.000,-0.087,0.996,0.000,0.000,-0.087,0.996,0.000,0.000,-0.087,0.996,0.000,0.000,-0.087,0.996,0.000,0.000,-0.087,0.996,0.000,0.000,-0.087,0.996,0.000,0.000,-0.087,0.996,0.000,0.000,-0.087,0.996,0.000,0.000,-0.087,0.996,0.000,0.000,-0.087,0.996,0.000,0.000,-0.087,0.996,0.000,0.000,-0.087,0.996,0.000,0.000,0.000,1.000
