-0.146,-0.004,-0.001,0.989,0.066,0.004,-0.003,0.998,0.114,-0.013,0.047,0.992,0.122,0.001,0.047,0.991,0.042,0,-0.094,0.995,-0.153,-0.084,0.034,0.984,-0.132,0.226,-0.007,0.965,0.162,0,-0.005,0.987,0,0,0,1,-0.069,0,-0.011,0.998,0.123,-0.009,-0.048,0.991,0,0,0,1,0,0,0,1,0.041,0.16,-0.579,-0.799,0.142,-0.036,0.604,-0.784,-0.088,-0.16,-0.086,-0.979,0.076,-0.152,-0.082,0.982,-0.601,0.183,-0.452,-0.633,-0.729,-0.27,0.293,-0.557,0,0,0,1,0,0,0,1,0,0,0,1,0,0,0,1,0,0,0,0,0,0,0.087,0.996,0,0,0.174,0.985,0,-0.143,0,0.99,0,0,0.087,0.996,0,0,0.087,0.996,0,0,0.087,0.996,0,0,0.087,0.996,0,0,0.087,0.996,0,0,0.087,0.996,0,0,0.087,0.996,0,0,0.087,0.996,0,0,0.087,0.996,0,0,0.087,0.996,0,0,0.087,0.996,0,0,0.087,0.996,0,0,-0.087,0.996,0,0,0,1,0,0,0,1,0,0,-0.087,0.996,0,0,-0.087,0.996,0,0,-0.087,0.996,0,0,-0.087,0.996,0,0,-0.087,0.996,0,0,-0.087,0.996,0,0,-0.087,0.996,0,0,-0.087,0.996,0,0,-0.087,0.996,0,0,-0.087,0.996,0,0,-0.087,0.996,0,0,-0.087,0.996,0,0,0,1
-0.147,-0.004,-0.001,0.989,0.067,0.004,-0.002,0.998,0.115,-0.013,0.049,0.992,0.12,0.001,0.049,0.992,0.041,0,-0.096,0.994,-0.154,-0.083,0.034,0.984,-0.134,0.229,-0.006,0.964,0.163,0,-0.004,0.987,0,0,0,1,-0.072,0,-0.012,0.997,0.123,-0.008,-0.047,0.991,0,0,0,1,0,0,0,1,0.04,0.161,-0.583,-0.796,0.141,-0.037,0.609,-0.78,-0.089,-0.16,-0.087,-0.979,0.081,-0.151,-0.082,0.982,-0.604,0.188,-0.451,-0.63,-0.731,-0.277,0.29,-0.552,0,0,0,1,0,0,0,1,0,0,0,1,0,0,0,1,0,0,0,0,0,0,0.087,0.996,0,0,0.174,0.985,0,-0.143,0,0.99,0,0,0.087,0.996,0,0,0.087,0.996,0,0,0.087,0.996,0,0,0.087,0.996,0,0,0.087,0.996,0,0,0.087,0.996,0,0,0.087,0.996,0,0,0.087,0.996,0,0,0.087,0.996,0,0,0.087,0.996,0,0,0.087,0.996,0,0,0.087,0.996,0,0,-0.087,0.996,0,0,0,1,0,0,0,1,0,0,-0.087,0.996,0,0,-0.087,0.996,0,0,-0.087,0.996,0,0,-0.087,0.996,0,0,-0.087,0.996,0,0,-0.087,0.996,0,0,-0.087,0.996,0,0,-0.087,0.996,0,0,-0.087,0.996,0,0,-0.087,0.996,0,0,-0.087,0.996,0,0,-0.087,0.996,0,0,0,1
-0.147,-0.004,-0.001,0.989,0.067,0.004,-0.002,0.998,0.115,-0.013,0.049,0.992,0.12,0.001,0.049,0.992,0.041,0,-0.096,0.994,-0.154,-0.084,0.034,0.984,-0.135,0.229,-0.006,0.964,0.163,0,-0.004,0.987,0,0,0,1,-0.072,0,-0.012,0.997,0.123,-0.009,-0.047,0.991,0,0,0,1,0,0,0,1,0.04,0.161,-0.583,-0.796,0.141,-0.037,0.609,-0.78,-0.089,-0.16,-0.087,-0.979,0.081,-0.151,-0.082,0.982,-0.604,0.188,-0.451,-0.63,-0.731,-0.278,0.29,-0.552,0,0,0,1,0,0,0,1,0,0,0,1,0,0,0,1,0,0,0,0,0,0,0.087,0.996,0,0,0.174,0.985,0,-0.143,0,0.99,0,0,0.087,0.996,0,0,0.087,0.996,0,0,0.087,0.996,0,0,0.087,0.996,0,0,0.087,0.996,0,0,0.087,0.996,0,0,0.087,0.996,0,0,0.087,0.996,0,0,0.087,0.996,0,0,0.087,0.996,0,0,0.087,0.996,0,0,0.087,0.996,0,0,-0.087,0.996,0,0,0,1,0,0,0,1,0,0,-0.087,0.996,0,0,-0.087,0.996,0,0,-0.087,0.996,0,0,-0.087,0.996,0,0,-0.087,0.996,0,0,-0.087,0.996,0,0,-0.087,0.996,0,0,-0.087,0.996,0,0,-0.087,0.996,0,0,-0.087,0.996,0,0,-0.087,0.996,0,0,-0.087,0.996,0,0,0,1
-0.147,-0.004,-0.001,0.989,0.067,0.004,-0.002,0.998,0.115,-0.013,0.049,0.992,0.12,0.001,0.049,0.992,0.041,0,-0.096,0.994,-0.154,-0.084,0.033,0.984,-0.135,0.229,-0.006,0.964,0.163,0,-0.004,0.987,0,0,0,1,-0.072,0,-0.012,0.997,0.123,-0.009,-0.047,0.991,0,0,0,1,0,0,0,1,0.04,0.161,-0.583,-0.796,0.141,-0.037,0.609,-0.78,-0.089,-0.16,-0.087,-0.979,0.081,-0.151,-0.082,0.982,-0.604,0.188,-0.451,-0.63,-0.731,-0.278,0.29,-0.552,0,0,0,1,0,0,0,1,0,0,0,1,0,0,0,1,0,0,0,0,0,0,0.087,0.996,0,0,0.174,0.985,0,-0.143,0,0.99,0,0,0.087,0.996,0,0,0.087,0.996,0,0,0.087,0.996,0,0,0.087,0.996,0,0,0.087,0.996,0,0,0.087,0.996,0,0,0.087,0.996,0,0,0.087,0.996,0,0,0.087,0.996,0,0,0.087,0.996,0,0,0.087,0.996,0,0,0.087,0.996,0,0,-0.087,0.996,0,0,0,1,0,0,0,1,0,0,-0.087,0.996,0,0,-0.087,0.996,0,0,-0.087,0.996,0,0,-0.087,0.996,0,0,-0.087,0.996,0,0,-0.087,0.996,0,0,-0.087,0.996,0,0,-0.087,0.996,0,0,-0.087,0.996,0,0,-0.087,0.996,0,0,-0.087,0.996,0,0,-0.087,0.996,0,0,0,1
-0.147,-0.004,-0.001,0.989,0.067,0.004,-0.002,0.998,0.115,-0.013,0.049,0.992,0.12,0.001,0.049,0.992,0.041,0,-0.096,0.994,-0.154,-0.084,0.033,0.984,-0.135,0.229,-0.006,0.964,0.163,0,-0.004,0.987,0,0,0,1,-0.072,0,-0.012,0.997,0.123,-0.009,-0.047,0.991,0,0,0,1,0,0,0,1,0.04,0.161,-0.583,-0.796,0.141,-0.037,0.609,-0.78,-0.089,-0.16,-0.087,-0.979,0.081,-0.151,-0.082,0.982,-0.604,0.188,-0.451,-0.63,-0.731,-0.278,0.29,-0.552,0,0,0,1,0,0,0,1,0,0,0,1,0,0,0,1,0,0,0,0,0,0,0.087,0.996,0,0,0.174,0.985,0,-0.143,0,0.99,0,0,0.087,0.996,0,0,0.087,0.996,0,0,0.087,0.996,0,0,0.087,0.996,0,0,0.087,0.996,0,0,0.087,0.996,0,0,0.087,0.996,0,0,0.087,0.996,0,0,0.087,0.996,0,0,0.087,0.996,0,0,0.087,0.996,0,0,0.087,0.996,0,0,-0.087,0.996,0,0,0,1,0,0,0,1,0,0,-0.087,0.996,0,0,-0.087,0.996,0,0,-0.087,0.996,0,0,-0.087,0.996,0,0,-0.087,0.996,0,0,-0.087,0.996,0,0,-0.087,0.996,0,0,-0.087,0.996,0,0,-0.087,0.996,0,0,-0.087,0.996,0,0,-0.087,0.996,0,0,-0.087,0.996,0,0,0,1
-0.157,0.003,0,0.988,0.072,0.004,-0.001,0.997,0.125,-0.013,0.045,0.991,0.11,0.001,0.051,0.993,0.04,-0.001,-0.085,0.996,-0.092,-0.114,0.034,0.989,-0.177,0.218,0.002,0.96,0.172,0,-0.003,0.985,0,0,0,1,-0.068,0,-0.012,0.998,0.12,-0.008,-0.044,0.992,0,0,0,1,0,0,0,1,0.043,0.158,-0.586,-0.794,0.137,-0.045,0.612,-0.778,-0.079,-0.165,-0.087,-0.979,0.071,-0.139,-0.077,0.985,-0.606,0.222,-0.459,-0.61,-0.763,-0.263,0.269,-0.526,0,0,0,1,0,0,0,1,0,0,0,1,0,0,0,1,0,0,0,0,0,0,0.087,0.996,0,0,0.174,0.985,0,-0.143,0,0.99,0,0,0.087,0.996,0,0,0.087,0.996,0,0,0.087,0.996,0,0,0.087,0.996,0,0,0.087,0.996,0,0,0.087,0.996,0,0,0.087,0.996,0,0,0.087,0.996,0,0,0.087,0.996,0,0,0.087,0.996,0,0,0.087,0.996,0,0,0.087,0.996,0,0,-0.087,0.996,0,0,0,1,0,0,0,1,0,0,-0.087,0.996,0,0,-0.087,0.996,0,0,-0.087,0.996,0,0,-0.087,0.996,0,0,-0.087,0.996,0,0,-0.087,0.996,0,0,-0.087,0.996,0,0,-0.087,0.996,0,0,-0.087,0.996,0,0,-0.087,0.996,0,0,-0.087,0.996,0,0,-0.087,0.996,0,0,0,1
-0.159,0.003,0,0.987,0.067,0.004,0,0.998,0.12,-0.012,0.041,0.992,0.117,0.001,0.048,0.992,0.047,0,-0.082,0.996,-0.097,-0.101,0.035,0.989,-0.195,0.216,0.006,0.957,0.186,0,-0.003,0.983,0,0,0,1,-0.075,-0.001,-0.016,0.997,0.122,-0.021,-0.048,0.991,0,0,0,1,0,0,0,1,0.047,0.157,-0.589,-0.791,0.135,-0.054,0.597,-0.789,-0.037,-0.175,-0.082,-0.98,0.078,-0.098,-0.064,0.99,-0.629,0.252,-0.446,-0.585,-0.663,-0.108,0.472,-0.571,0,0,0,1,0,0,0,1,0,0,0,1,0,0,0,1,0,0,0,0,0,0,0.087,0.996,0,0,0.174,0.985,0,-0.143,0,0.99,0,0,0.087,0.996,0,0,0.087,0.996,0,0,0.087,0.996,0,0,0.087,0.996,0,0,0.087,0.996,0,0,0.087,0.996,0,0,0.087,0.996,0,0,0.087,0.996,0,0,0.087,0.996,0,0,0.087,0.996,0,0,0.087,0.996,0,0,0.087,0.996,0,0,-0.087,0.996,0,0,0,1,0,0,0,1,0,0,-0.087,0.996,0,0,-0.087,0.996,0,0,-0.087,0.996,0,0,-0.087,0.996,0,0,-0.087,0.996,0,0,-0.087,0.996,0,0,-0.087,0.996,0,0,-0.087,0.996,0,0,-0.087,0.996,0,0,-0.087,0.996,0,0,-0.087,0.996,0,0,-0.087,0.996,0,0,0,1
-0.149,0.004,0.001,0.989,0.062,0.005,-0.006,0.998,0.097,-0.011,0.037,0.995,0.118,0.001,0.055,0.992,0.058,0.001,-0.08,0.995,-0.104,-0.083,0.038,0.99,-0.197,0.213,0.005,0.957,0.187,0,-0.006,0.982,0,0,0,1,-0.087,-0.001,-0.02,0.996,0.121,-0.011,-0.035,0.992,0,0,0,1,0,0,0,1,0.046,0.159,-0.589,-0.791,0.124,-0.068,0.589,-0.796,-0.017,-0.175,-0.079,-0.981,0.109,-0.114,-0.073,0.985,-0.637,0.247,-0.41,-0.604,-0.65,-0.093,0.481,-0.581,0,0,0,1,0,0,0,1,0,0,0,1,0,0,0,1,0,0,0,0,0,0,0.087,0.996,0,0,0.174,0.985,0,-0.143,0,0.99,0,0,0.087,0.996,0,0,0.087,0.996,0,0,0.087,0.996,0,0,0.087,0.996,0,0,0.087,0.996,0,0,0.087,0.996,0,0,0.087,0.996,0,0,0.087,0.996,0,0,0.087,0.996,0,0,0.087,0.996,0,0,0.087,0.996,0,0,0.087,0.996,0,0,-0.087,0.996,0,0,0,1,0,0,0,1,0,0,-0.087,0.996,0,0,-0.087,0.996,0,0,-0.087,0.996,0,0,-0.087,0.996,0,0,-0.087,0.996,0,0,-0.087,0.996,0,0,-0.087,0.996,0,0,-0.087,0.996,0,0,-0.087,0.996,0,0,-0.087,0.996,0,0,-0.087,0.996,0,0,-0.087,0.996,0,0,0,1
-0.083,0,0,0.997,-0.008,0.002,-0.01,1,0.031,-0.012,0.046,0.998,0.088,-0.01,0.07,0.994,0.043,0.012,-0.086,0.995,-0.091,-0.124,0.033,0.988,-0.194,0.23,0.009,0.954,-0.184,-0.001,0.016,-0.983,0,0,0,1,-0.037,0.002,0.013,-0.999,0.118,0.054,0.041,0.991,0,0,0,1,0,0,0,1,-0.047,-0.162,0.571,0.804,-0.07,0.127,-0.595,0.79,-0.162,-0.135,-0.088,-0.974,0.049,-0.129,-0.071,0.988,-0.548,0.092,-0.424,-0.715,-0.621,-0.215,0.435,-0.615,0,0,0,1,0,0,0,1,0,0,0,1,0,0,0,1,0,0,0,0,0,0,0.087,0.996,0,0,0.174,0.985,0,-0.143,0,0.99,0,0,0.087,0.996,0,0,0.087,0.996,0,0,0.087,0.996,0,0,0.087,0.996,0,0,0.087,0.996,0,0,0.087,0.996,0,0,0.087,0.996,0,0,0.087,0.996,0,0,0.087,0.996,0,0,0.087,0.996,0,0,0.087,0.996,0,0,0.087,0.996,0,0,-0.087,0.996,0,0,0,1,0,0,0,1,0,0,-0.087,0.996,0,0,-0.087,0.996,0,0,-0.087,0.996,0,0,-0.087,0.996,0,0,-0.087,0.996,0,0,-0.087,0.996,0,0,-0.087,0.996,0,0,-0.087,0.996,0,0,-0.087,0.996,0,0,-0.087,0.996,0,0,-0.087,0.996,0,0,-0.087,0.996,0,0,0,1
-0.011,0.004,0,1,-0.159,-0.003,-0.015,0.987,-0.073,-0.012,0.05,0.996,0.158,-0.022,0.073,0.984,0.067,0.026,-0.09,0.993,-0.146,-0.094,0.032,0.984,-0.233,0.223,0.017,0.946,-0.28,0.001,0.02,-0.96,0,0,0,1,-0.301,0.004,0.006,-0.954,0.104,0.01,0.044,0.994,0,0,0,1,0,0,0,1,0.063,0.207,-0.527,-0.822,0.033,-0.205,0.577,-0.79,0.199,0.223,0.137,0.944,-0.122,0.261,0.133,-0.948,-0.566,0.078,-0.412,-0.71,-0.628,-0.196,0.358,-0.663,0,0,0,1,0,0,0,1,0,0,0,1,0,0,0,1,0,0,0,0,0,0,0.087,0.996,0,0,0.174,0.985,0,-0.143,0,0.99,0,0,0.087,0.996,0,0,0.087,0.996,0,0,0.087,0.996,0,0,0.087,0.996,0,0,0.087,0.996,0,0,0.087,0.996,0,0,0.087,0.996,0,0,0.087,0.996,0,0,0.087,0.996,0,0,0.087,0.996,0,0,0.087,0.996,0,0,0.087,0.996,0,0,-0.087,0.996,0,0,0,1,0,0,0,1,0,0,-0.087,0.996,0,0,-0.087,0.996,0,0,-0.087,0.996,0,0,-0.087,0.996,0,0,-0.087,0.996,0,0,-0.087,0.996,0,0,-0.087,0.996,0,0,-0.087,0.996,0,0,-0.087,0.996,0,0,-0.087,0.996,0,0,-0.087,0.996,0,0,-0.087,0.996,0,0,0,1
0.216,-0.016,0.004,0.976,-0.43,-0.026,-0.005,0.902,-0.373,-0.014,0.054,0.926,0.24,-0.04,0.054,0.968,0.181,0.062,-0.077,0.978,-0.135,-0.036,0.045,0.989,-0.247,0.242,0.027,0.938,-0.225,-0.001,0.067,-0.972,0,0,0,1,-0.349,-0.054,-0.08,-0.932,-0.121,0.125,-0.118,-0.978,0,0,0,1,0,0,0,1,0.071,0.183,-0.531,-0.824,0.066,-0.181,0.546,-0.816,0.191,0.317,0.182,0.911,-0.119,0.328,0.159,-0.924,0.555,-0.073,0.445,0.699,0.588,0.276,-0.426,0.63,0,0,0,1,0,0,0,1,0,0,0,1,0,0,0,1,0,0,0,0,0,0,0.087,0.996,0,0,0.174,0.985,0,-0.143,0,0.99,0,0,0.087,0.996,0,0,0.087,0.996,0,0,0.087,0.996,0,0,0.087,0.996,0,0,0.087,0.996,0,0,0.087,0.996,0,0,0.087,0.996,0,0,0.087,0.996,0,0,0.087,0.996,0,0,0.087,0.996,0,0,0.087,0.996,0,0,0.087,0.996,0,0,-0.087,0.996,0,0,0,1,0,0,0,1,0,0,-0.087,0.996,0,0,-0.087,0.996,0,0,-0.087,0.996,0,0,-0.087,0.996,0,0,-0.087,0.996,0,0,-0.087,0.996,0,0,-0.087,0.996,0,0,-0.087,0.996,0,0,-0.087,0.996,0,0,-0.087,0.996,0,0,-0.087,0.996,0,0,-0.087,0.996,0,0,0,1
0.291,-0.02,0.006,0.957,-0.503,-0.031,-0.005,0.864,-0.465,-0.05,0.092,0.879,0.253,-0.059,0.056,0.964,0.22,0.118,-0.097,0.963,-0.128,-0.045,0.043,0.99,-0.246,0.231,0.023,0.941,-0.234,-0.001,0.098,-0.967,0,0,0,1,-0.408,-0.136,-0.176,-0.885,-0.102,0.077,-0.187,-0.974,0,0,0,1,0,0,0,1,0.057,0.198,-0.531,-0.822,0.075,-0.196,0.497,-0.842,0.223,0.372,0.228,0.872,0.164,-0.315,-0.171,0.919,-0.545,0.007,-0.344,-0.765,-0.582,-0.243,0.455,-0.629,0,0,0,1,0,0,0,1,0,0,0,1,0,0,0,1,0,0,0,0,0,0,0.087,0.996,0,0,0.174,0.985,0,-0.143,0,0.99,0,0,0.087,0.996,0,0,0.087,0.996,0,0,0.087,0.996,0,0,0.087,0.996,0,0,0.087,0.996,0,0,0.087,0.996,0,0,0.087,0.996,0,0,0.087,0.996,0,0,0.087,0.996,0,0,0.087,0.996,0,0,0.087,0.996,0,0,0.087,0.996,0,0,-0.087,0.996,0,0,0,1,0,0,0,1,0,0,-0.087,0.996,0,0,-0.087,0.996,0,0,-0.087,0.996,0,0,-0.087,0.996,0,0,-0.087,0.996,0,0,-0.087,0.996,0,0,-0.087,0.996,0,0,-0.087,0.996,0,0,-0.087,0.996,0,0,-0.087,0.996,0,0,-0.087,0.996,0,0,-0.087,0.996,0,0,0,1
0.239,-0.048,0.012,0.97,-0.457,-0.055,0.027,0.887,-0.407,-0.034,0.079,0.909,0.257,-0.007,0.028,0.966,0.199,0.094,-0.098,0.97,-0.132,-0.008,0.05,0.99,-0.259,0.286,0.047,0.921,-0.229,-0.001,0.089,-0.969,0,0,0,1,-0.371,-0.078,-0.121,-0.917,-0.09,0.098,-0.106,-0.985,0,0,0,1,0,0,0,1,0.038,0.21,-0.529,-0.821,0.042,-0.216,0.509,-0.832,0.215,0.366,0.22,0.879,-0.096,0.338,0.154,-0.924,0.565,-0.07,0.383,0.728,0.623,0.278,-0.464,0.565,0,0,0,1,0,0,0,1,0,0,0,1,0,0,0,1,0,0,0,0,0,0,0.087,0.996,0,0,0.174,0.985,0,-0.143,0,0.99,0,0,0.087,0.996,0,0,0.087,0.996,0,0,0.087,0.996,0,0,0.087,0.996,0,0,0.087,0.996,0,0,0.087,0.996,0,0,0.087,0.996,0,0,0.087,0.996,0,0,0.087,0.996,0,0,0.087,0.996,0,0,0.087,0.996,0,0,0.087,0.996,0,0,-0.087,0.996,0,0,0,1,0,0,0,1,0,0,-0.087,0.996,0,0,-0.087,0.996,0,0,-0.087,0.996,0,0,-0.087,0.996,0,0,-0.087,0.996,0,0,-0.087,0.996,0,0,-0.087,0.996,0,0,-0.087,0.996,0,0,-0.087,0.996,0,0,-0.087,0.996,0,0,-0.087,0.996,0,0,-0.087,0.996,0,0,0,1
0.103,-0.001,0,0.995,-0.293,-0.011,-0.014,0.956,-0.223,-0.013,0.052,0.973,0.2,-0.036,0.072,0.977,0.129,0.045,-0.089,0.987,-0.127,-0.05,0.042,0.99,-0.242,0.261,0.033,0.934,-0.258,0,0.038,-0.965,0,0,0,1,-0.341,-0.046,-0.064,-0.937,0.117,-0.099,0.036,0.988,0,0,0,1,0,0,0,1,0.071,0.181,-0.55,-0.813,0.045,-0.2,0.563,-0.801,0.201,0.237,0.144,0.939,-0.062,0.282,0.122,-0.95,0.558,-0.06,0.433,0.705,0.653,0.236,-0.38,0.612,0,0,0,1,0,0,0,1,0,0,0,1,0,0,0,1,0,0,0,0,0,0,0.087,0.996,0,0,0.174,0.985,0,-0.143,0,0.99,0,0,0.087,0.996,0,0,0.087,0.996,0,0,0.087,0.996,0,0,0.087,0.996,0,0,0.087,0.996,0,0,0.087,0.996,0,0,0.087,0.996,0,0,0.087,0.996,0,0,0.087,0.996,0,0,0.087,0.996,0,0,0.087,0.996,0,0,0.087,0.996,0,0,-0.087,0.996,0,0,0,1,0,0,0,1,0,0,-0.087,0.996,0,0,-0.087,0.996,0,0,-0.087,0.996,0,0,-0.087,0.996,0,0,-0.087,0.996,0,0,-0.087,0.996,0,0,-0.087,0.996,0,0,-0.087,0.996,0,0,-0.087,0.996,0,0,-0.087,0.996,0,0,-0.087,0.996,0,0,-0.087,0.996,0,0,0,1
-0.018,0.009,0,1,-0.115,0.001,-0.021,0.993,-0.079,-0.012,0.049,0.996,0.138,-0.026,0.094,0.986,0.112,0.018,-0.08,0.99,-0.123,-0.126,0.028,0.984,-0.204,0.2,0.003,0.958,-0.22,-0.001,0.02,-0.975,0,0,0,1,-0.24,0.005,0.01,-0.971,0.145,0.013,0.044,0.988,0,0,0,1,0,0,0,1,0.095,0.143,-0.555,-0.814,0.087,-0.142,0.575,-0.801,0.171,0.196,0.117,0.958,-0.016,0.247,0.098,-0.964,-0.535,0.136,-0.456,-0.698,-0.663,-0.32,0.336,-0.587,0,0,0,1,0,0,0,1,0,0,0,1,0,0,0,1,0,0,0,0,0,0,0.087,0.996,0,0,0.174,0.985,0,-0.143,0,0.99,0,0,0.087,0.996,0,0,0.087,0.996,0,0,0.087,0.996,0,0,0.087,0.996,0,0,0.087,0.996,0,0,0.087,0.996,0,0,0.087,0.996,0,0,0.087,0.996,0,0,0.087,0.996,0,0,0.087,0.996,0,0,0.087,0.996,0,0,0.087,0.996,0,0,-0.087,0.996,0,0,0,1,0,0,0,1,0,0,-0.087,0.996,0,0,-0.087,0.996,0,0,-0.087,0.996,0,0,-0.087,0.996,0,0,-0.087,0.996,0,0,-0.087,0.996,0,0,-0.087,0.996,0,0,-0.087,0.996,0,0,-0.087,0.996,0,0,-0.087,0.996,0,0,-0.087,0.996,0,0,-0.087,0.996,0,0,0,1
-0.079,-0.005,0,0.997,-0.034,0,-0.008,0.999,0.026,-0.014,0.053,0.998,0.117,-0.01,0.068,0.991,0.054,0.012,-0.09,0.994,-0.077,-0.099,0.038,0.991,-0.179,0.198,-0.003,0.964,-0.164,-0.002,0.023,-0.986,0,0,0,1,-0.002,-0.001,-0.008,-1,0.134,0.033,0.034,0.99,0,0,0,1,0,0,0,1,-0.088,-0.116,0.558,0.817,-0.099,0.1,-0.566,0.813,-0.139,-0.133,-0.084,-0.978,-0.085,-0.176,-0.061,0.979,0.467,-0.297,0.435,0.711,-0.636,-0.256,0.393,-0.613,0,0,0,1,0,0,0,1,0,0,0,1,0,0,0,1,0,0,0,0,0,0,0.087,0.996,0,0,0.174,0.985,0,-0.143,0,0.99,0,0,0.087,0.996,0,0,0.087,0.996,0,0,0.087,0.996,0,0,0.087,0.996,0,0,0.087,0.996,0,0,0.087,0.996,0,0,0.087,0.996,0,0,0.087,0.996,0,0,0.087,0.996,0,0,0.087,0.996,0,0,0.087,0.996,0,0,0.087,0.996,0,0,-0.087,0.996,0,0,0,1,0,0,0,1,0,0,-0.087,0.996,0,0,-0.087,0.996,0,0,-0.087,0.996,0,0,-0.087,0.996,0,0,-0.087,0.996,0,0,-0.087,0.996,0,0,-0.087,0.996,0,0,-0.087,0.996,0,0,-0.087,0.996,0,0,-0.087,0.996,0,0,-0.087,0.996,0,0,-0.087,0.996,0,0,0,1
-0.133,-0.013,-0.002,0.991,0.03,0.003,-0.003,1,0.099,-0.012,0.04,0.994,0.083,-0.005,0.062,0.995,0.026,0.004,-0.067,0.997,-0.12,-0.123,0.029,0.985,-0.213,0.182,0,0.96,0.174,0.001,-0.015,0.985,0,0,0,1,0.101,0,0.006,-0.995,-0.122,0.005,0.035,-0.992,0,0,0,1,0,0,0,1,-0.093,-0.109,0.553,0.82,-0.096,0.104,-0.558,0.818,-0.131,-0.119,-0.077,-0.981,-0.086,-0.181,-0.062,0.978,0.491,-0.243,0.403,0.733,0.769,0.092,-0.45,0.445,0,0,0,1,0,0,0,1,0,0,0,1,0,0,0,1,0,0,0,0,0,0,0.087,0.996,0,0,0.174,0.985,0,-0.143,0,0.99,0,0,0.087,0.996,0,0,0.087,0.996,0,0,0.087,0.996,0,0,0.087,0.996,0,0,0.087,0.996,0,0,0.087,0.996,0,0,0.087,0.996,0,0,0.087,0.996,0,0,0.087,0.996,0,0,0.087,0.996,0,0,0.087,0.996,0,0,0.087,0.996,0,0,-0.087,0.996,0,0,0,1,0,0,0,1,0,0,-0.087,0.996,0,0,-0.087,0.996,0,0,-0.087,0.996,0,0,-0.087,0.996,0,0,-0.087,0.996,0,0,-0.087,0.996,0,0,-0.087,0.996,0,0,-0.087,0.996,0,0,-0.087,0.996,0,0,-0.087,0.996,0,0,-0.087,0.996,0,0,-0.087,0.996,0,0,0,1
-0.14,0.015,0.002,0.99,0.043,0.005,-0.011,0.999,0.1,-0.017,0.071,0.992,0.142,0.002,0.035,0.989,0.05,0.002,-0.037,0.998,-0.149,-0.124,0.025,0.981,-0.112,0.143,-0.027,0.983,0.175,0,0.002,0.985,0,0,0,1,-0.077,0.001,0.037,0.996,0.127,0.001,-0.023,0.992,0,0,0,1,0,0,0,1,0.052,0.152,-0.586,-0.794,0.187,0.011,0.639,-0.746,-0.234,-0.165,-0.115,-0.951,0.114,-0.346,-0.164,0.917,-0.49,0.149,-0.435,-0.74,-0.2,0,0,-0.626,0,0,0,1,0,0,0,1,0,0,0,1,0,0,0,1,0,0,0,0,0,0,0.087,0.996,0,0,0.174,0.985,0,-0.143,0,0.99,0,0,0.087,0.996,0,0,0.087,0.996,0,0,0.087,0.996,0,0,0.087,0.996,0,0,0.087,0.996,0,0,0.087,0.996,0,0,0.087,0.996,0,0,0.087,0.996,0,0,0.087,0.996,0,0,0.087,0.996,0,0,0.087,0.996,0,0,0.087,0.996,0,0,-0.087,0.996,0,0,0,1,0,0,0,1,0,0,-0.087,0.996,0,0,-0.087,0.996,0,0,-0.087,0.996,0,0,-0.087,0.996,0,0,-0.087,0.996,0,0,-0.087,0.996,0,0,-0.087,0.996,0,0,-0.087,0.996,0,0,-0.087,0.996,0,0,-0.087,0.996,0,0,-0.087,0.996,0,0,-0.087,0.996,0,0,0,1
-0.14,0.015,0.002,0.99,0.043,0.005,-0.011,0.999,0.1,-0.017,0.071,0.992,0.142,0.002,0.035,0.989,0.05,0.002,-0.037,0.998,-0.149,-0.124,0.025,0.981,-0.112,0.143,-0.027,0.983,0.175,0,0.002,0.985,0,0,0,1,-0.077,0.001,0.037,0.996,0.127,0.001,-0.023,0.992,0,0,0,1,0,0,0,1,0.052,0.152,-0.586,-0.794,0.187,0.011,0.639,-0.746,-0.234,-0.165,-0.115,-0.951,0.114,-0.346,-0.164,0.917,-0.49,0.149,-0.435,-0.74,-0.2,0,0,-0.626,0,0,0,1,0,0,0,1,0,0,0,1,0,0,0,1,0,0,0,0,0,0,0.087,0.996,0,0,0.174,0.985,0,-0.143,0,0.99,0,0,0.087,0.996,0,0,0.087,0.996,0,0,0.087,0.996,0,0,0.087,0.996,0,0,0.087,0.996,0,0,0.087,0.996,0,0,0.087,0.996,0,0,0.087,0.996,0,0,0.087,0.996,0,0,0.087,0.996,0,0,0.087,0.996,0,0,0.087,0.996,0,0,-0.087,0.996,0,0,0,1,0,0,0,1,0,0,-0.087,0.996,0,0,-0.087,0.996,0,0,-0.087,0.996,0,0,-0.087,0.996,0,0,-0.087,0.996,0,0,-0.087,0.996,0,0,-0.087,0.996,0,0,-0.087,0.996,0,0,-0.087,0.996,0,0,-0.087,0.996,0,0,-0.087,0.996,0,0,-0.087,0.996,0,0,0,1
-0.093,0.045,0.004,0.995,-0.002,0.003,-0.013,1,0.036,-0.018,0.075,0.996,0.15,0,0.043,0.988,0.08,0.003,-0.044,0.996,-0.151,-0.152,0.019,0.977,-0.114,0.159,-0.024,0.98,0.116,-0.001,0.008,0.993,0,0,0,1,-0.069,0.005,-0.071,0.995,0.134,-0.069,-0.053,0.987,0,0,0,1,0,0,0,1,0.046,0.141,-0.578,-0.802,0.167,0.014,0.575,-0.801,-0.277,-0.127,-0.1,-0.947,-0.206,-0.805,0.053,0.554,-0.479,0.119,-0.454,-0.742,-0.18,0,0,-0.675,0,0,0,1,0,0,0,1,0,0,0,1,0,0,0,1,0,0,0,0,0,0,0.087,0.996,0,0,0.174,0.985,0,-0.143,0,0.99,0,0,0.087,0.996,0,0,0.087,0.996,0,0,0.087,0.996,0,0,0.087,0.996,0,0,0.087,0.996,0,0,0.087,0.996,0,0,0.087,0.996,0,0,0.087,0.996,0,0,0.087,0.996,0,0,0.087,0.996,0,0,0.087,0.996,0,0,0.087,0.996,0,0,-0.087,0.996,0,0,0,1,0,0,0,1,0,0,-0.087,0.996,0,0,-0.087,0.996,0,0,-0.087,0.996,0,0,-0.087,0.996,0,0,-0.087,0.996,0,0,-0.087,0.996,0,0,-0.087,0.996,0,0,-0.087,0.996,0,0,-0.087,0.996,0,0,-0.087,0.996,0,0,-0.087,0.996,0,0,-0.087,0.996,0,0,0,1
-0.083,0.034,0.003,0.996,-0.019,0,-0.003,1,0.027,-0.02,0.08,0.996,0.161,0.001,0.032,0.987,0.085,0.005,-0.055,0.995,-0.157,-0.127,0.024,0.979,-0.121,0.176,-0.019,0.977,0.108,0.002,-0.015,0.994,0,0,0,1,-0.072,0.013,-0.121,0.99,0.124,-0.015,-0.05,0.991,0,0,0,1,0,0,0,1,0.044,0.137,-0.565,-0.812,0.201,0.107,0.499,-0.836,-0.322,-0.138,-0.115,-0.93,-0.131,-0.901,0.01,0.414,-0.448,0.095,-0.486,-0.744,-0.176,0,0,-0.687,0,0,0,1,0,0,0,1,0,0,0,1,0,0,0,1,0,0,0,0,0,0,0.087,0.996,0,0,0.174,0.985,0,-0.143,0,0.99,0,0,0.087,0.996,0,0,0.087,0.996,0,0,0.087,0.996,0,0,0.087,0.996,0,0,0.087,0.996,0,0,0.087,0.996,0,0,0.087,0.996,0,0,0.087,0.996,0,0,0.087,0.996,0,0,0.087,0.996,0,0,0.087,0.996,0,0,0.087,0.996,0,0,-0.087,0.996,0,0,0,1,0,0,0,1,0,0,-0.087,0.996,0,0,-0.087,0.996,0,0,-0.087,0.996,0,0,-0.087,0.996,0,0,-0.087,0.996,0,0,-0.087,0.996,0,0,-0.087,0.996,0,0,-0.087,0.996,0,0,-0.087,0.996,0,0,-0.087,0.996,0,0,-0.087,0.996,0,0,-0.087,0.996,0,0,0,1
-0.087,0.014,0.001,0.996,-0.013,0,-0.004,1,0.033,-0.02,0.081,0.996,0.152,0.001,0.029,0.988,0.083,0.005,-0.058,0.995,-0.18,-0.133,0.019,0.974,-0.124,0.191,-0.016,0.974,0.113,0.003,-0.019,0.993,0,0,0,1,-0.084,0.01,-0.095,0.992,0.124,-0.011,-0.057,0.991,0,0,0,1,0,0,0,1,0.039,0.146,-0.56,-0.814,0.195,0.109,0.465,-0.857,-0.321,-0.161,-0.13,-0.924,-0.217,-0.833,0.102,0.499,-0.443,0.127,-0.476,-0.749,-0.181,0,0,-0.659,0,0,0,1,0,0,0,1,0,0,0,1,0,0,0,1,0,0,0,0,0,0,0.087,0.996,0,0,0.174,0.985,0,-0.143,0,0.99,0,0,0.087,0.996,0,0,0.087,0.996,0,0,0.087,0.996,0,0,0.087,0.996,0,0,0.087,0.996,0,0,0.087,0.996,0,0,0.087,0.996,0,0,0.087,0.996,0,0,0.087,0.996,0,0,0.087,0.996,0,0,0.087,0.996,0,0,0.087,0.996,0,0,-0.087,0.996,0,0,0,1,0,0,0,1,0,0,-0.087,0.996,0,0,-0.087,0.996,0,0,-0.087,0.996,0,0,-0.087,0.996,0,0,-0.087,0.996,0,0,-0.087,0.996,0,0,-0.087,0.996,0,0,-0.087,0.996,0,0,-0.087,0.996,0,0,-0.087,0.996,0,0,-0.087,0.996,0,0,-0.087,0.996,0,0,0,1
-0.086,0.03,0.003,0.996,-0.03,0.001,-0.011,0.999,0.026,-0.018,0.073,0.997,0.161,0,0.037,0.986,0.065,0.007,-0.063,0.996,-0.164,-0.145,0.019,0.975,-0.159,0.165,-0.015,0.973,0.119,0.002,-0.013,0.993,0,0,0,1,-0.075,0.008,-0.081,0.994,0.12,-0.03,-0.036,0.992,0,0,0,1,0,0,0,1,0.027,0.16,-0.571,-0.805,0.198,0.095,0.499,-0.838,-0.296,-0.132,-0.106,-0.94,-0.2,-0.842,0.08,0.494,-0.524,0.078,-0.441,-0.724,-0.174,0,0,-0.696,0,0,0,1,0,0,0,1,0,0,0,1,0,0,0,1,0,0,0,0,0,0,0.087,0.996,0,0,0.174,0.985,0,-0.143,0,0.99,0,0,0.087,0.996,0,0,0.087,0.996,0,0,0.087,0.996,0,0,0.087,0.996,0,0,0.087,0.996,0,0,0.087,0.996,0,0,0.087,0.996,0,0,0.087,0.996,0,0,0.087,0.996,0,0,0.087,0.996,0,0,0.087,0.996,0,0,0.087,0.996,0,0,-0.087,0.996,0,0,0,1,0,0,0,1,0,0,-0.087,0.996,0,0,-0.087,0.996,0,0,-0.087,0.996,0,0,-0.087,0.996,0,0,-0.087,0.996,0,0,-0.087,0.996,0,0,-0.087,0.996,0,0,-0.087,0.996,0,0,-0.087,0.996,0,0,-0.087,0.996,0,0,-0.087,0.996,0,0,-0.087,0.996,0,0,0,1
-0.091,0.021,0.002,0.996,-0.012,0.001,-0.007,1,0.026,-0.017,0.069,0.997,0.127,-0.002,0.039,0.991,0.076,0.005,-0.05,0.996,-0.144,-0.176,0.015,0.974,-0.142,0.15,-0.021,0.978,0.128,0.001,-0.008,0.992,0,0,0,1,-0.091,0.007,-0.081,0.993,0.122,-0.012,-0.043,0.991,0,0,0,1,0,0,0,1,0.022,0.168,-0.58,-0.797,0.224,0.107,0.544,-0.802,-0.214,-0.138,-0.097,-0.962,-0.113,-0.891,-0.036,0.438,-0.54,0.105,-0.431,-0.715,-0.185,0,0,-0.677,0,0,0,1,0,0,0,1,0,0,0,1,0,0,0,1,0,0,0,0,0,0,0.087,0.996,0,0,0.174,0.985,0,-0.143,0,0.99,0,0,0.087,0.996,0,0,0.087,0.996,0,0,0.087,0.996,0,0,0.087,0.996,0,0,0.087,0.996,0,0,0.087,0.996,0,0,0.087,0.996,0,0,0.087,0.996,0,0,0.087,0.996,0,0,0.087,0.996,0,0,0.087,0.996,0,0,0.087,0.996,0,0,-0.087,0.996,0,0,0,1,0,0,0,1,0,0,-0.087,0.996,0,0,-0.087,0.996,0,0,-0.087,0.996,0,0,-0.087,0.996,0,0,-0.087,0.996,0,0,-0.087,0.996,0,0,-0.087,0.996,0,0,-0.087,0.996,0,0,-0.087,0.996,0,0,-0.087,0.996,0,0,-0.087,0.996,0,0,-0.087,0.996,0,0,0,1
-0.086,0.033,0.003,0.996,-0.006,0.002,-0.011,1,0.022,-0.016,0.063,0.998,0.111,-0.003,0.041,0.993,0.043,0.006,-0.042,0.998,-0.131,-0.183,0.016,0.974,-0.09,0.157,-0.028,0.983,0.119,-0.001,0.006,0.993,0,0,0,1,-0.092,0.009,-0.087,0.992,0.126,-0.016,-0.051,0.991,0,0,0,1,0,0,0,1,0.025,0.163,-0.58,-0.798,0.234,0.122,0.55,-0.792,-0.204,-0.125,-0.089,-0.967,-0.09,-0.88,-0.088,0.459,-0.523,0.093,-0.441,-0.723,-0.192,0,0,-0.719,0,0,0,1,0,0,0,1,0,0,0,1,0,0,0,1,0,0,0,0,0,0,0.087,0.996,0,0,0.174,0.985,0,-0.143,0,0.99,0,0,0.087,0.996,0,0,0.087,0.996,0,0,0.087,0.996,0,0,0.087,0.996,0,0,0.087,0.996,0,0,0.087,0.996,0,0,0.087,0.996,0,0,0.087,0.996,0,0,0.087,0.996,0,0,0.087,0.996,0,0,0.087,0.996,0,0,0.087,0.996,0,0,-0.087,0.996,0,0,0,1,0,0,0,1,0,0,-0.087,0.996,0,0,-0.087,0.996,0,0,-0.087,0.996,0,0,-0.087,0.996,0,0,-0.087,0.996,0,0,-0.087,0.996,0,0,-0.087,0.996,0,0,-0.087,0.996,0,0,-0.087,0.996,0,0,-0.087,0.996,0,0,-0.087,0.996,0,0,-0.087,0.996,0,0,0,1
-0.088,0.021,0.002,0.996,-0.013,0.003,-0.013,1,0.022,-0.017,0.066,0.997,0.116,-0.005,0.051,0.992,0.051,0.006,-0.045,0.998,-0.119,-0.184,0.018,0.975,-0.105,0.162,-0.025,0.981,0.112,-0.002,0.011,0.994,0,0,0,1,-0.067,0.008,-0.091,0.994,0.126,-0.044,-0.059,0.989,0,0,0,1,0,0,0,1,0.036,0.147,-0.58,-0.801,0.223,0.115,0.543,-0.802,-0.202,-0.128,-0.09,-0.967,-0.156,-0.867,0.024,0.473,-0.548,0.166,-0.438,-0.693,-0.202,0,0,-0.709,0,0,0,1,0,0,0,1,0,0,0,1,0,0,0,1,0,0,0,0,0,0,0.087,0.996,0,0,0.174,0.985,0,-0.143,0,0.99,0,0,0.087,0.996,0,0,0.087,0.996,0,0,0.087,0.996,0,0,0.087,0.996,0,0,0.087,0.996,0,0,0.087,0.996,0,0,0.087,0.996,0,0,0.087,0.996,0,0,0.087,0.996,0,0,0.087,0.996,0,0,0.087,0.996,0,0,0.087,0.996,0,0,-0.087,0.996,0,0,0,1,0,0,0,1,0,0,-0.087,0.996,0,0,-0.087,0.996,0,0,-0.087,0.996,0,0,-0.087,0.996,0,0,-0.087,0.996,0,0,-0.087,0.996,0,0,-0.087,0.996,0,0,-0.087,0.996,0,0,-0.087,0.996,0,0,-0.087,0.996,0,0,-0.087,0.996,0,0,-0.087,0.996,0,0,0,1
-0.097,0.03,0.003,0.995,-0.001,0.003,-0.013,1,0.034,-0.017,0.069,0.997,0.13,-0.002,0.045,0.991,0.068,0.006,-0.057,0.996,-0.138,-0.139,0.024,0.98,-0.14,0.163,-0.019,0.977,0.122,-0.002,0.015,0.992,0,0,0,1,-0.056,0.004,-0.065,0.996,0.123,-0.045,-0.053,0.99,0,0,0,1,0,0,0,1,0.021,0.168,-0.578,-0.798,0.192,0.06,0.552,-0.809,-0.151,-0.126,-0.082,-0.977,-0.124,-0.858,-0.041,0.497,-0.658,0.126,-0.378,-0.639,-0.174,0,0,-0.705,0,0,0,1,0,0,0,1,0,0,0,1,0,0,0,1,0,0,0,0,0,0,0.087,0.996,0,0,0.174,0.985,0,-0.143,0,0.99,0,0,0.087,0.996,0,0,0.087,0.996,0,0,0.087,0.996,0,0,0.087,0.996,0,0,0.087,0.996,0,0,0.087,0.996,0,0,0.087,0.996,0,0,0.087,0.996,0,0,0.087,0.996,0,0,0.087,0.996,0,0,0.087,0.996,0,0,0.087,0.996,0,0,-0.087,0.996,0,0,0,1,0,0,0,1,0,0,-0.087,0.996,0,0,-0.087,0.996,0,0,-0.087,0.996,0,0,-0.087,0.996,0,0,-0.087,0.996,0,0,-0.087,0.996,0,0,-0.087,0.996,0,0,-0.087,0.996,0,0,-0.087,0.996,0,0,-0.087,0.996,0,0,-0.087,0.996,0,0,-0.087,0.996,0,0,0,1
-0.13,0.037,0.005,0.991,0.038,0.005,-0.012,0.999,0.092,-0.018,0.077,0.993,0.126,0,0.045,0.991,0.025,0.005,-0.064,0.998,-0.148,-0.159,0.018,0.976,-0.122,0.162,-0.022,0.979,0.161,-0.001,0.007,0.987,0,0,0,1,-0.065,0,0.009,0.998,0.114,-0.001,-0.036,0.993,0,0,0,1,0,0,0,1,0.022,0.172,-0.593,-0.786,0.176,0.005,0.638,-0.75,-0.116,-0.111,-0.072,-0.984,0.153,-0.292,-0.156,0.931,-0.645,0.158,-0.396,-0.634,-0.236,0,0,-0.611,0,0,0,1,0,0,0,1,0,0,0,1,0,0,0,1,0,0,0,0,0,0,0.087,0.996,0,0,0.174,0.985,0,-0.143,0,0.99,0,0,0.087,0.996,0,0,0.087,0.996,0,0,0.087,0.996,0,0,0.087,0.996,0,0,0.087,0.996,0,0,0.087,0.996,0,0,0.087,0.996,0,0,0.087,0.996,0,0,0.087,0.996,0,0,0.087,0.996,0,0,0.087,0.996,0,0,0.087,0.996,0,0,-0.087,0.996,0,0,0,1,0,0,0,1,0,0,-0.087,0.996,0,0,-0.087,0.996,0,0,-0.087,0.996,0,0,-0.087,0.996,0,0,-0.087,0.996,0,0,-0.087,0.996,0,0,-0.087,0.996,0,0,-0.087,0.996,0,0,-0.087,0.996,0,0,-0.087,0.996,0,0,-0.087,0.996,0,0,-0.087,0.996,0,0,0,1
-0.138,0.043,0.006,0.989,0.06,0.006,-0.012,0.998,0.105,-0.017,0.077,0.991,0.129,0.001,0.051,0.99,0.052,0.001,-0.063,0.997,-0.14,-0.148,0.022,0.979,-0.109,0.181,-0.021,0.977,0.166,-0.001,0.006,0.986,0,0,0,1,-0.08,0,0.016,0.997,0.123,-0.026,-0.03,0.992,0,0,0,1,0,0,0,1,0.046,0.15,-0.595,-0.788,0.135,-0.043,0.657,-0.741,-0.008,-0.14,-0.068,-0.988,0.002,-0.118,-0.062,0.991,-0.625,0.232,-0.412,-0.621,-0.216,0,0,-0.551,0,0,0,1,0,0,0,1,0,0,0,1,0,0,0,1,0,0,0,0,0,0,0.087,0.996,0,0,0.174,0.985,0,-0.143,0,0.99,0,0,0.087,0.996,0,0,0.087,0.996,0,0,0.087,0.996,0,0,0.087,0.996,0,0,0.087,0.996,0,0,0.087,0.996,0,0,0.087,0.996,0,0,0.087,0.996,0,0,0.087,0.996,0,0,0.087,0.996,0,0,0.087,0.996,0,0,0.087,0.996,0,0,-0.087,0.996,0,0,0,1,0,0,0,1,0,0,-0.087,0.996,0,0,-0.087,0.996,0,0,-0.087,0.996,0,0,-0.087,0.996,0,0,-0.087,0.996,0,0,-0.087,0.996,0,0,-0.087,0.996,0,0,-0.087,0.996,0,0,-0.087,0.996,0,0,-0.087,0.996,0,0,-0.087,0.996,0,0,-0.087,0.996,0,0,0,1
-0.146,0.005,0.001,0.989,0.063,0.002,0.008,0.998,0.138,-0.018,0.093,0.986,0.129,0.001,0.036,0.991,0.043,-0.001,-0.063,0.997,-0.139,-0.075,0.037,0.987,-0.112,0.178,-0.021,0.977,0.178,-0.001,0.019,0.984,0,0,0,1,-0.065,0,-0.002,0.998,0.12,0.009,0,0.993,0,0,0,1,0,0,0,1,0.045,0.16,-0.581,-0.797,0.146,-0.034,0.637,-0.756,-0.009,-0.133,-0.066,-0.989,0.163,-0.189,-0.112,0.962,-0.656,0.176,-0.398,-0.617,-0.184,0,0,-0.655,0,0,0,1,0,0,0,1,0,0,0,1,0,0,0,1,0,0,0,0,0,0,0.087,0.996,0,0,0.174,0.985,0,-0.143,0,0.99,0,0,0.087,0.996,0,0,0.087,0.996,0,0,0.087,0.996,0,0,0.087,0.996,0,0,0.087,0.996,0,0,0.087,0.996,0,0,0.087,0.996,0,0,0.087,0.996,0,0,0.087,0.996,0,0,0.087,0.996,0,0,0.087,0.996,0,0,0.087,0.996,0,0,-0.087,0.996,0,0,0,1,0,0,0,1,0,0,-0.087,0.996,0,0,-0.087,0.996,0,0,-0.087,0.996,0,0,-0.087,0.996,0,0,-0.087,0.996,0,0,-0.087,0.996,0,0,-0.087,0.996,0,0,-0.087,0.996,0,0,-0.087,0.996,0,0,-0.087,0.996,0,0,-0.087,0.996,0,0,-0.087,0.996,0,0,0,1
-0.096,0.008,0.001,0.995,-0.006,-0.001,0.003,1,0.043,-0.02,0.084,0.995,0.142,0,0.032,0.989,0.075,0.005,-0.065,0.995,-0.156,-0.118,0.026,0.98,-0.167,0.186,-0.008,0.968,0.127,-0.002,0.014,0.992,0,0,0,1,-0.06,0.005,-0.093,0.994,0.12,-0.023,-0.034,0.992,0,0,0,1,0,0,0,1,0.047,0.142,-0.562,-0.813,0.21,0.098,0.516,-0.824,-0.215,-0.149,-0.103,-0.96,-0.139,-0.869,-0.007,0.474,-0.506,0.169,-0.482,-0.695,-0.165,0,0,-0.719,0,0,0,1,0,0,0,1,0,0,0,1,0,0,0,1,0,0,0,0,0,0,0.087,0.996,0,0,0.174,0.985,0,-0.143,0,0.99,0,0,0.087,0.996,0,0,0.087,0.996,0,0,0.087,0.996,0,0,0.087,0.996,0,0,0.087,0.996,0,0,0.087,0.996,0,0,0.087,0.996,0,0,0.087,0.996,0,0,0.087,0.996,0,0,0.087,0.996,0,0,0.087,0.996,0,0,0.087,0.996,0,0,-0.087,0.996,0,0,0,1,0,0,0,1,0,0,-0.087,0.996,0,0,-0.087,0.996,0,0,-0.087,0.996,0,0,-0.087,0.996,0,0,-0.087,0.996,0,0,-0.087,0.996,0,0,-0.087,0.996,0,0,-0.087,0.996,0,0,-0.087,0.996,0,0,-0.087,0.996,0,0,-0.087,0.996,0,0,-0.087,0.996,0,0,0,1
-0.098,0.02,0.002,0.995,-0.007,0.001,-0.004,1,0.048,-0.017,0.071,0.996,0.127,-0.001,0.036,0.991,0.067,0.005,-0.056,0.996,-0.125,-0.196,0.015,0.972,-0.131,0.127,-0.027,0.983,0.122,-0.004,0.034,0.992,0,0,0,1,-0.073,0.009,-0.131,0.989,0.129,-0.032,-0.066,0.989,0,0,0,1,0,0,0,1,0.063,0.124,-0.555,-0.82,0.239,0.13,0.54,-0.797,-0.152,-0.147,-0.092,-0.973,-0.148,-0.863,0.004,0.484,-0.563,0.211,-0.418,-0.681,-0.178,0,0,-0.726,0,0,0,1,0,0,0,1,0,0,0,1,0,0,0,1,0,0,0,0,0,0,0.087,0.996,0,0,0.174,0.985,0,-0.143,0,0.99,0,0,0.087,0.996,0,0,0.087,0.996,0,0,0.087,0.996,0,0,0.087,0.996,0,0,0.087,0.996,0,0,0.087,0.996,0,0,0.087,0.996,0,0,0.087,0.996,0,0,0.087,0.996,0,0,0.087,0.996,0,0,0.087,0.996,0,0,0.087,0.996,0,0,-0.087,0.996,0,0,0,1,0,0,0,1,0,0,-0.087,0.996,0,0,-0.087,0.996,0,0,-0.087,0.996,0,0,-0.087,0.996,0,0,-0.087,0.996,0,0,-0.087,0.996,0,0,-0.087,0.996,0,0,-0.087,0.996,0,0,-0.087,0.996,0,0,-0.087,0.996,0,0,-0.087,0.996,0,0,-0.087,0.996,0,0,0,1
-0.089,0.023,0.002,0.996,-0.021,0,-0.003,1,0.046,-0.02,0.085,0.995,0.147,0.002,0.017,0.989,0.073,0.007,-0.088,0.993,-0.123,-0.225,0.01,0.967,-0.098,0.129,-0.031,0.986,0.108,-0.005,0.039,0.993,0,0,0,1,-0.06,0.009,-0.103,0.993,0.125,-0.041,-0.054,0.99,0,0,0,1,0,0,0,1,0.016,0.17,-0.572,-0.802,0.21,0.096,0.549,-0.803,-0.037,-0.165,-0.079,-0.982,-0.192,-0.833,0.055,0.515,-0.644,0.212,-0.398,-0.619,-0.201,0,0,-0.696,0,0,0,1,0,0,0,1,0,0,0,1,0,0,0,1,0,0,0,0,0,0,0.087,0.996,0,0,0.174,0.985,0,-0.143,0,0.99,0,0,0.087,0.996,0,0,0.087,0.996,0,0,0.087,0.996,0,0,0.087,0.996,0,0,0.087,0.996,0,0,0.087,0.996,0,0,0.087,0.996,0,0,0.087,0.996,0,0,0.087,0.996,0,0,0.087,0.996,0,0,0.087,0.996,0,0,0.087,0.996,0,0,-0.087,0.996,0,0,0,1,0,0,0,1,0,0,-0.087,0.996,0,0,-0.087,0.996,0,0,-0.087,0.996,0,0,-0.087,0.996,0,0,-0.087,0.996,0,0,-0.087,0.996,0,0,-0.087,0.996,0,0,-0.087,0.996,0,0,-0.087,0.996,0,0,-0.087,0.996,0,0,-0.087,0.996,0,0,-0.087,0.996,0,0,0,1
-0.09,0.015,0.001,0.996,0.008,0.003,-0.01,1,0.037,-0.017,0.069,0.997,0.109,0.004,-0.01,0.994,0.105,0.004,-0.08,0.991,-0.108,-0.195,0.019,0.975,-0.128,0.136,-0.026,0.982,0.106,-0.006,0.039,0.994,0,0,0,1,-0.028,0.008,-0.096,0.995,0.115,0.003,-0.031,0.993,0,0,0,1,0,0,0,1,0.016,0.163,-0.595,-0.787,0.197,0.082,0.55,-0.807,-0.12,-0.14,-0.084,-0.979,-0.149,-0.877,0.022,0.456,-0.6,0.174,-0.386,-0.679,-0.221,0,0,-0.739,0,0,0,1,0,0,0,1,0,0,0,1,0,0,0,1,0,0,0,0,0,0,0.087,0.996,0,0,0.174,0.985,0,-0.143,0,0.99,0,0,0.087,0.996,0,0,0.087,0.996,0,0,0.087,0.996,0,0,0.087,0.996,0,0,0.087,0.996,0,0,0.087,0.996,0,0,0.087,0.996,0,0,0.087,0.996,0,0,0.087,0.996,0,0,0.087,0.996,0,0,0.087,0.996,0,0,0.087,0.996,0,0,-0.087,0.996,0,0,0,1,0,0,0,1,0,0,-0.087,0.996,0,0,-0.087,0.996,0,0,-0.087,0.996,0,0,-0.087,0.996,0,0,-0.087,0.996,0,0,-0.087,0.996,0,0,-0.087,0.996,0,0,-0.087,0.996,0,0,-0.087,0.996,0,0,-0.087,0.996,0,0,-0.087,0.996,0,0,-0.087,0.996,0,0,0,1
-0.085,-0.019,-0.002,0.996,0.03,0.007,-0.025,0.999,0.049,-0.015,0.058,0.997,0.082,0.002,-0.004,0.997,0.106,0.002,-0.074,0.992,-0.134,-0.159,0.02,0.978,-0.144,0.149,-0.021,0.978,0.099,-0.007,0.044,0.994,0,0,0,1,-0.047,0.01,-0.11,0.993,0.121,0.054,-0.056,0.99,0,0,0,1,0,0,0,1,0.041,0.136,-0.576,-0.805,0.208,0.097,0.55,-0.803,-0.18,-0.153,-0.099,-0.967,-0.119,-0.878,-0.036,0.462,-0.535,0.182,-0.426,-0.706,-0.199,0,0,-0.733,0,0,0,1,0,0,0,1,0,0,0,1,0,0,0,1,0,0,0,0,0,0,0.087,0.996,0,0,0.174,0.985,0,-0.143,0,0.99,0,0,0.087,0.996,0,0,0.087,0.996,0,0,0.087,0.996,0,0,0.087,0.996,0,0,0.087,0.996,0,0,0.087,0.996,0,0,0.087,0.996,0,0,0.087,0.996,0,0,0.087,0.996,0,0,0.087,0.996,0,0,0.087,0.996,0,0,0.087,0.996,0,0,-0.087,0.996,0,0,0,1,0,0,0,1,0,0,-0.087,0.996,0,0,-0.087,0.996,0,0,-0.087,0.996,0,0,-0.087,0.996,0,0,-0.087,0.996,0,0,-0.087,0.996,0,0,-0.087,0.996,0,0,-0.087,0.996,0,0,-0.087,0.996,0,0,-0.087,0.996,0,0,-0.087,0.996,0,0,-0.087,0.996,0,0,0,1
-0.086,-0.018,-0.002,0.996,0.03,0.01,-0.038,0.999,0.053,-0.013,0.048,0.997,0.088,0.001,0.007,0.996,0.105,0.001,-0.063,0.992,-0.128,-0.174,0.019,0.976,-0.129,0.138,-0.025,0.982,0.1,-0.006,0.043,0.994,0,0,0,1,-0.04,0.013,-0.144,0.989,0.119,0.033,-0.044,0.991,0,0,0,1,0,0,0,1,0.045,0.132,-0.551,-0.823,0.194,0.074,0.559,-0.803,-0.224,-0.151,-0.105,-0.957,-0.126,-0.877,-0.024,0.464,-0.517,0.132,-0.448,-0.718,-0.187,0,0,-0.661,0,0,0,1,0,0,0,1,0,0,0,1,0,0,0,1,0,0,0,0,0,0,0.087,0.996,0,0,0.174,0.985,0,-0.143,0,0.99,0,0,0.087,0.996,0,0,0.087,0.996,0,0,0.087,0.996,0,0,0.087,0.996,0,0,0.087,0.996,0,0,0.087,0.996,0,0,0.087,0.996,0,0,0.087,0.996,0,0,0.087,0.996,0,0,0.087,0.996,0,0,0.087,0.996,0,0,0.087,0.996,0,0,-0.087,0.996,0,0,0,1,0,0,0,1,0,0,-0.087,0.996,0,0,-0.087,0.996,0,0,-0.087,0.996,0,0,-0.087,0.996,0,0,-0.087,0.996,0,0,-0.087,0.996,0,0,-0.087,0.996,0,0,-0.087,0.996,0,0,-0.087,0.996,0,0,-0.087,0.996,0,0,-0.087,0.996,0,0,-0.087,0.996,0,0,0,1
-0.102,-0.011,-0.001,0.995,0.04,0.012,-0.045,0.998,0.077,-0.011,0.038,0.996,0.086,0,0.014,0.996,0.085,0.001,-0.054,0.995,-0.102,-0.18,0.022,0.978,-0.108,0.135,-0.029,0.985,0.124,-0.004,0.029,0.992,0,0,0,1,-0.056,0.006,-0.096,0.994,0.121,0.03,-0.03,0.992,0,0,0,1,0,0,0,1,0.047,0.14,-0.565,-0.812,0.204,0.081,0.539,-0.814,-0.181,-0.147,-0.096,-0.968,-0.196,-0.84,0.069,0.502,-0.508,0.153,-0.461,-0.712,-0.245,0,0,-0.641,0,0,0,1,0,0,0,1,0,0,0,1,0,0,0,1,0,0,0,0,0,0,0.087,0.996,0,0,0.174,0.985,0,-0.143,0,0.99,0,0,0.087,0.996,0,0,0.087,0.996,0,0,0.087,0.996,0,0,0.087,0.996,0,0,0.087,0.996,0,0,0.087,0.996,0,0,0.087,0.996,0,0,0.087,0.996,0,0,0.087,0.996,0,0,0.087,0.996,0,0,0.087,0.996,0,0,0.087,0.996,0,0,-0.087,0.996,0,0,0,1,0,0,0,1,0,0,-0.087,0.996,0,0,-0.087,0.996,0,0,-0.087,0.996,0,0,-0.087,0.996,0,0,-0.087,0.996,0,0,-0.087,0.996,0,0,-0.087,0.996,0,0,-0.087,0.996,0,0,-0.087,0.996,0,0,-0.087,0.996,0,0,-0.087,0.996,0,0,-0.087,0.996,0,0,0,1
-0.095,0.022,0.002,0.995,0.038,0.014,-0.055,0.998,0.067,-0.01,0.031,0.997,0.11,0.001,0.013,0.994,0.117,-0.001,-0.045,0.992,-0.144,-0.189,0.013,0.971,-0.117,0.094,-0.035,0.988,0.112,-0.004,0.031,0.993,0,0,0,1,-0.053,0.007,-0.093,0.994,0.123,0.053,-0.029,0.991,0,0,0,1,0,0,0,1,0.035,0.148,-0.583,-0.798,0.197,0.075,0.543,-0.813,-0.079,-0.137,-0.077,-0.984,-0.116,-0.882,-0.038,0.455,-0.584,0.2,-0.443,-0.65,-0.318,0,0,-0.772,0,0,0,1,0,0,0,1,0,0,0,1,0,0,0,1,0,0,0,0,0,0,0.087,0.996,0,0,0.174,0.985,0,-0.143,0,0.99,0,0,0.087,0.996,0,0,0.087,0.996,0,0,0.087,0.996,0,0,0.087,0.996,0,0,0.087,0.996,0,0,0.087,0.996,0,0,0.087,0.996,0,0,0.087,0.996,0,0,0.087,0.996,0,0,0.087,0.996,0,0,0.087,0.996,0,0,0.087,0.996,0,0,-0.087,0.996,0,0,0,1,0,0,0,1,0,0,-0.087,0.996,0,0,-0.087,0.996,0,0,-0.087,0.996,0,0,-0.087,0.996,0,0,-0.087,0.996,0,0,-0.087,0.996,0,0,-0.087,0.996,0,0,-0.087,0.996,0,0,-0.087,0.996,0,0,-0.087,0.996,0,0,-0.087,0.996,0,0,-0.087,0.996,0,0,0,1
-0.075,0.043,0.003,0.996,-0.012,0.018,-0.072,0.997,0.04,-0.004,0.008,0.999,0.141,0.001,0.026,0.99,0.127,-0.001,-0.029,0.991,-0.149,-0.196,0.01,0.969,-0.116,0.082,-0.037,0.989,0.102,-0.004,0.03,0.994,0,0,0,1,-0.049,0.006,-0.069,0.996,0.123,0.019,-0.013,0.992,0,0,0,1,0,0,0,1,0.031,0.149,-0.577,-0.802,0.212,0.114,0.528,-0.815,-0.148,-0.142,-0.089,-0.975,-0.125,-0.861,-0.037,0.491,-0.591,0.112,-0.457,-0.655,-0.378,-0.09,0,-0.775,0,0,0,1,0,0,0,1,0,0,0,1,0,0,0,1,0,0,0,0,0,0,0.087,0.996,0,0,0.174,0.985,0,-0.143,0,0.99,0,0,0.087,0.996,0,0,0.087,0.996,0,0,0.087,0.996,0,0,0.087,0.996,0,0,0.087,0.996,0,0,0.087,0.996,0,0,0.087,0.996,0,0,0.087,0.996,0,0,0.087,0.996,0,0,0.087,0.996,0,0,0.087,0.996,0,0,0.087,0.996,0,0,-0.087,0.996,0,0,0,1,0,0,0,1,0,0,-0.087,0.996,0,0,-0.087,0.996,0,0,-0.087,0.996,0,0,-0.087,0.996,0,0,-0.087,0.996,0,0,-0.087,0.996,0,0,-0.087,0.996,0,0,-0.087,0.996,0,0,-0.087,0.996,0,0,-0.087,0.996,0,0,-0.087,0.996,0,0,-0.087,0.996,0,0,0,1
-0.095,0.037,0.004,0.995,0.023,0.019,-0.075,0.997,0.064,-0.003,-0.005,0.998,0.12,0.001,0.013,0.993,0.121,-0.001,-0.033,0.992,-0.148,-0.188,0.012,0.971,-0.122,0.086,-0.036,0.988,0.118,-0.004,0.03,0.992,0,0,0,1,-0.036,0.003,-0.063,0.997,0.12,0.004,-0.013,0.993,0,0,0,1,0,0,0,1,0.027,0.159,-0.576,-0.802,0.212,0.115,0.506,-0.828,-0.208,-0.145,-0.099,-0.962,-0.193,-0.834,0.058,0.514,-0.549,0.14,-0.418,-0.71,-0.478,-0.082,-0.1,-0.789,0,0,0,1,0,0,0,1,0,0,0,1,0,0,0,1,0,0,0,0,0,0,0.087,0.996,0,0,0.174,0.985,0,-0.143,0,0.99,0,0,0.087,0.996,0,0,0.087,0.996,0,0,0.087,0.996,0,0,0.087,0.996,0,0,0.087,0.996,0,0,0.087,0.996,0,0,0.087,0.996,0,0,0.087,0.996,0,0,0.087,0.996,0,0,0.087,0.996,0,0,0.087,0.996,0,0,0.087,0.996,0,0,-0.087,0.996,0,0,0,1,0,0,0,1,0,0,-0.087,0.996,0,0,-0.087,0.996,0,0,-0.087,0.996,0,0,-0.087,0.996,0,0,-0.087,0.996,0,0,-0.087,0.996,0,0,-0.087,0.996,0,0,-0.087,0.996,0,0,-0.087,0.996,0,0,-0.087,0.996,0,0,-0.087,0.996,0,0,-0.087,0.996,0,0,0,1
-0.084,0.015,0.001,0.996,-0.008,0.017,-0.066,0.998,0.045,-0.006,0.016,0.999,0.144,0.006,-0.016,0.989,0.138,0,-0.089,0.987,-0.147,-0.176,0.015,0.973,-0.137,0.095,-0.033,0.986,0.112,-0.005,0.034,0.993,0,0,0,1,-0.067,0.009,-0.102,0.992,0.124,0.021,-0.013,0.992,0,0,0,1,0,0,0,1,0.025,0.161,-0.57,-0.805,0.234,0.141,0.528,-0.804,-0.176,-0.167,-0.105,-0.964,-0.131,-0.861,-0.028,0.491,-0.534,0.158,-0.429,-0.711,-0.529,-0.045,-0.14,-0.746,0,0,0,1,0,0,0,1,0,0,0,1,0,0,0,1,0,0,0,0,0,0,0.087,0.996,0,0,0.174,0.985,0,-0.143,0,0.99,0,0,0.087,0.996,0,0,0.087,0.996,0,0,0.087,0.996,0,0,0.087,0.996,0,0,0.087,0.996,0,0,0.087,0.996,0,0,0.087,0.996,0,0,0.087,0.996,0,0,0.087,0.996,0,0,0.087,0.996,0,0,0.087,0.996,0,0,0.087,0.996,0,0,-0.087,0.996,0,0,0,1,0,0,0,1,0,0,-0.087,0.996,0,0,-0.087,0.996,0,0,-0.087,0.996,0,0,-0.087,0.996,0,0,-0.087,0.996,0,0,-0.087,0.996,0,0,-0.087,0.996,0,0,-0.087,0.996,0,0,-0.087,0.996,0,0,-0.087,0.996,0,0,-0.087,0.996,0,0,-0.087,0.996,0,0,0,1
-0.076,0.017,0.001,0.997,-0.025,0.017,-0.066,0.997,0.04,-0.007,0.02,0.999,0.164,0.008,-0.019,0.986,0.114,0.004,-0.101,0.988,-0.142,-0.2,0.011,0.969,-0.127,0.108,-0.031,0.985,0.104,-0.005,0.033,0.994,0,0,0,1,-0.068,0.009,-0.089,0.994,0.129,0.014,-0.02,0.991,0,0,0,1,0,0,0,1,0.022,0.163,-0.572,-0.803,0.23,0.134,0.532,-0.803,-0.161,-0.185,-0.11,-0.963,-0.173,-0.842,0.031,0.51,-0.513,0.172,-0.441,-0.716,-0.573,-0.087,-0.24,-0.767,0,0,0,1,0,0,0,1,0,0,0,1,0,0,0,1,0,0,0,0,0,0,0.087,0.996,0,0,0.174,0.985,0,-0.143,0,0.99,0,0,0.087,0.996,0,0,0.087,0.996,0,0,0.087,0.996,0,0,0.087,0.996,0,0,0.087,0.996,0,0,0.087,0.996,0,0,0.087,0.996,0,0,0.087,0.996,0,0,0.087,0.996,0,0,0.087,0.996,0,0,0.087,0.996,0,0,0.087,0.996,0,0,-0.087,0.996,0,0,0,1,0,0,0,1,0,0,-0.087,0.996,0,0,-0.087,0.996,0,0,-0.087,0.996,0,0,-0.087,0.996,0,0,-0.087,0.996,0,0,-0.087,0.996,0,0,-0.087,0.996,0,0,-0.087,0.996,0,0,-0.087,0.996,0,0,-0.087,0.996,0,0,-0.087,0.996,0,0,-0.087,0.996,0,0,0,1
-0.075,0.024,0.002,0.997,-0.021,0.019,-0.075,0.997,0.042,-0.003,0.001,0.999,0.172,0.003,0.017,0.985,0.116,0.001,-0.052,0.992,-0.144,-0.179,0.015,0.973,-0.128,0.089,-0.035,0.987,0.118,-0.001,0.011,0.993,0,0,0,1,-0.058,0.007,-0.068,0.996,0.11,-0.041,-0.012,0.993,0,0,0,1,0,0,0,1,0.033,0.148,-0.569,-0.808,0.157,0.026,0.535,-0.83,-0.278,-0.144,-0.111,-0.943,-0.221,-0.771,0.049,0.596,-0.487,0.102,-0.433,-0.752,-0.613,-0.201,-0.3,-0.674,0,0,0,1,0,0,0,1,0,0,0,1,0,0,0,1,0,0,0,0,0,0,0.087,0.996,0,0,0.174,0.985,0,-0.143,0,0.99,0,0,0.087,0.996,0,0,0.087,0.996,0,0,0.087,0.996,0,0,0.087,0.996,0,0,0.087,0.996,0,0,0.087,0.996,0,0,0.087,0.996,0,0,0.087,0.996,0,0,0.087,0.996,0,0,0.087,0.996,0,0,0.087,0.996,0,0,0.087,0.996,0,0,-0.087,0.996,0,0,0,1,0,0,0,1,0,0,-0.087,0.996,0,0,-0.087,0.996,0,0,-0.087,0.996,0,0,-0.087,0.996,0,0,-0.087,0.996,0,0,-0.087,0.996,0,0,-0.087,0.996,0,0,-0.087,0.996,0,0,-0.087,0.996,0,0,-0.087,0.996,0,0,-0.087,0.996,0,0,-0.087,0.996,0,0,0,1
-0.115,0.008,0.001,0.993,0.034,0.024,-0.102,0.994,0.112,-0.011,0.033,0.993,0.153,0.002,0.031,0.988,0.096,-0.003,-0.06,0.994,-0.05,0.167,0.069,0.982,-0.048,0.179,-0.032,0.982,0.159,0,-0.005,0.987,0,0,0,1,0.091,0,0.018,-0.996,-0.121,-0.039,0.002,-0.992,0,0,0,1,0,0,0,1,-0.068,-0.125,0.589,0.795,-0.123,0.056,-0.624,0.77,-0.254,-0.112,-0.089,-0.957,-0.145,-0.124,-0.045,0.98,0.548,-0.116,0.438,0.703,-0.665,-0.26,-0.39,0.516,0,0,0,1,0,0,0,1,0,0,0,1,0,0,0,1,0,0,0,0,0,0,0.087,0.996,0,0,0.174,0.985,0,-0.143,0,0.99,0,0,0.087,0.996,0,0,0.087,0.996,0,0,0.087,0.996,0,0,0.087,0.996,0,0,0.087,0.996,0,0,0.087,0.996,0,0,0.087,0.996,0,0,0.087,0.996,0,0,0.087,0.996,0,0,0.087,0.996,0,0,0.087,0.996,0,0,0.087,0.996,0,0,-0.087,0.996,0,0,0,1,0,0,0,1,0,0,-0.087,0.996,0,0,-0.087,0.996,0,0,-0.087,0.996,0,0,-0.087,0.996,0,0,-0.087,0.996,0,0,-0.087,0.996,0,0,-0.087,0.996,0,0,-0.087,0.996,0,0,-0.087,0.996,0,0,-0.087,0.996,0,0,-0.087,0.996,0,0,-0.087,0.996,0,0,0,1
-0.117,0.011,0.001,0.993,0.074,0.022,-0.098,0.992,0.095,-0.017,0.075,0.992,0.132,0.002,0.029,0.991,0.118,-0.004,-0.075,0.99,-0.15,-0.088,0.033,0.984,-0.111,0.148,-0.026,0.982,0.161,0.001,-0.014,0.987,0,0,0,1,-0.079,0,0,0.997,0.121,0.034,-0.01,0.992,0,0,0,1,0,0,0,1,0.051,0.138,-0.618,-0.772,0.11,-0.072,0.625,-0.77,-0.155,-0.162,-0.098,-0.97,0.024,-0.077,-0.053,0.995,-0.572,0.239,-0.407,-0.671,-0.7,-0.246,0.349,-0.572,0,0,0,1,0,0,0,1,0,0,0,1,0,0,0,1,0,0,0,0,0,0,0.087,0.996,0,0,0.174,0.985,0,-0.143,0,0.99,0,0,0.087,0.996,0,0,0.087,0.996,0,0,0.087,0.996,0,0,0.087,0.996,0,0,0.087,0.996,0,0,0.087,0.996,0,0,0.087,0.996,0,0,0.087,0.996,0,0,0.087,0.996,0,0,0.087,0.996,0,0,0.087,0.996,0,0,0.087,0.996,0,0,-0.087,0.996,0,0,0,1,0,0,0,1,0,0,-0.087,0.996,0,0,-0.087,0.996,0,0,-0.087,0.996,0,0,-0.087,0.996,0,0,-0.087,0.996,0,0,-0.087,0.996,0,0,-0.087,0.996,0,0,-0.087,0.996,0,0,-0.087,0.996,0,0,-0.087,0.996,0,0,-0.087,0.996,0,0,-0.087,0.996,0,0,0,1
-0.117,0.011,0.001,0.993,0.074,0.022,-0.098,0.992,0.095,-0.017,0.075,0.992,0.132,0.002,0.029,0.991,0.118,-0.004,-0.075,0.99,-0.15,-0.088,0.033,0.984,-0.111,0.148,-0.026,0.982,0.161,0.001,-0.014,0.987,0,0,0,1,-0.079,0,0,0.997,0.121,0.034,-0.01,0.992,0,0,0,1,0,0,0,1,0.051,0.138,-0.618,-0.772,0.11,-0.072,0.625,-0.77,-0.155,-0.162,-0.098,-0.97,0.024,-0.077,-0.053,0.995,-0.572,0.239,-0.407,-0.671,-0.7,-0.246,0.349,-0.572,0,0,0,1,0,0,0,1,0,0,0,1,0,0,0,1,0,0,0,0,0,0,0.087,0.996,0,0,0.174,0.985,0,-0.143,0,0.99,0,0,0.087,0.996,0,0,0.087,0.996,0,0,0.087,0.996,0,0,0.087,0.996,0,0,0.087,0.996,0,0,0.087,0.996,0,0,0.087,0.996,0,0,0.087,0.996,0,0,0.087,0.996,0,0,0.087,0.996,0,0,0.087,0.996,0,0,0.087,0.996,0,0,-0.087,0.996,0,0,0,1,0,0,0,1,0,0,-0.087,0.996,0,0,-0.087,0.996,0,0,-0.087,0.996,0,0,-0.087,0.996,0,0,-0.087,0.996,0,0,-0.087,0.996,0,0,-0.087,0.996,0,0,-0.087,0.996,0,0,-0.087,0.996,0,0,-0.087,0.996,0,0,-0.087,0.996,0,0,-0.087,0.996,0,0,0,1
-0.117,0.011,0.001,0.993,0.074,0.022,-0.098,0.992,0.095,-0.017,0.075,0.992,0.132,0.002,0.029,0.991,0.118,-0.004,-0.075,0.99,-0.15,-0.088,0.033,0.984,-0.111,0.148,-0.026,0.982,0.161,0.001,-0.014,0.987,0,0,0,1,-0.079,0,0,0.997,0.121,0.034,-0.01,0.992,0,0,0,1,0,0,0,1,0.051,0.138,-0.618,-0.772,0.11,-0.072,0.625,-0.77,-0.155,-0.162,-0.098,-0.97,0.024,-0.077,-0.053,0.995,-0.572,0.239,-0.407,-0.671,-0.7,-0.246,0.349,-0.572,0,0,0,1,0,0,0,1,0,0,0,1,0,0,0,1,0,0,0,0,0,0,0.087,0.996,0,0,0.174,0.985,0,-0.143,0,0.99,0,0,0.087,0.996,0,0,0.087,0.996,0,0,0.087,0.996,0,0,0.087,0.996,0,0,0.087,0.996,0,0,0.087,0.996,0,0,0.087,0.996,0,0,0.087,0.996,0,0,0.087,0.996,0,0,0.087,0.996,0,0,0.087,0.996,0,0,0.087,0.996,0,0,-0.087,0.996,0,0,0,1,0,0,0,1,0,0,-0.087,0.996,0,0,-0.087,0.996,0,0,-0.087,0.996,0,0,-0.087,0.996,0,0,-0.087,0.996,0,0,-0.087,0.996,0,0,-0.087,0.996,0,0,-0.087,0.996,0,0,-0.087,0.996,0,0,-0.087,0.996,0,0,-0.087,0.996,0,0,-0.087,0.996,0,0,0,1
-0.125,0.012,0.001,0.992,0.064,0.016,-0.069,0.994,0.097,-0.017,0.074,0.992,0.135,0.002,0.031,0.99,0.095,-0.002,-0.062,0.993,-0.15,-0.1,0.03,0.983,-0.111,0.146,-0.026,0.982,0.166,0.001,-0.009,0.986,0,0,0,1,-0.078,0,0.012,0.997,0.123,0.023,-0.014,0.992,0,0,0,1,0,0,0,1,0.051,0.143,-0.607,-0.779,0.136,-0.044,0.63,-0.762,-0.181,-0.163,-0.104,-0.186,0.054,-0.167,-0.09,0.969,-0.545,0.209,-0.416,-0.694,-0.533,-0.164,0.233,-0.59,0,0,0,1,0,0,0,1,0,0,0,1,0,0,0,1,0,0,0,0,0,0,0.087,0.996,0,0,0.174,0.985,0,-0.143,0,0.99,0,0,0.087,0.996,0,0,0.087,0.996,0,0,0.087,0.996,0,0,0.087,0.996,0,0,0.087,0.996,0,0,0.087,0.996,0,0,0.087,0.996,0,0,0.087,0.996,0,0,0.087,0.996,0,0,0.087,0.996,0,0,0.087,0.996,0,0,0.087,0.996,0,0,-0.087,0.996,0,0,0,1,0,0,0,1,0,0,-0.087,0.996,0,0,-0.087,0.996,0,0,-0.087,0.996,0,0,-0.087,0.996,0,0,-0.087,0.996,0,0,-0.087,0.996,0,0,-0.087,0.996,0,0,-0.087,0.996,0,0,-0.087,0.996,0,0,-0.087,0.996,0,0,-0.087,0.996,0,0,-0.087,0.996,0,0,0,1
-0.132,0.014,0.002,0.991,0.053,0.011,-0.04,0.997,0.098,-0.017,0.072,0.992,0.139,0.002,0.033,0.99,0.073,0,-0.05,0.995,-0.149,-0.112,0.028,0.982,-0.112,0.145,-0.027,0.983,0.17,0,-0.003,0.986,0,0,0,1,-0.078,0.001,0.025,0.996,0.125,0.012,-0.019,0.992,0,0,0,1,0,0,0,1,0.052,0.147,-0.597,-0.787,0.161,-0.017,0.634,-0.754,-0.208,-0.164,-0.109,-0.096,0.084,-0.256,-0.127,0.943,-0.517,0.179,-0.426,-0.717,-0.367,-0.082,0.116,-0.608,0,0,0,1,0,0,0,1,0,0,0,1,0,0,0,1,0,0,0,0,0,0,0.087,0.996,0,0,0.174,0.985,0,-0.143,0,0.99,0,0,0.087,0.996,0,0,0.087,0.996,0,0,0.087,0.996,0,0,0.087,0.996,0,0,0.087,0.996,0,0,0.087,0.996,0,0,0.087,0.996,0,0,0.087,0.996,0,0,0.087,0.996,0,0,0.087,0.996,0,0,0.087,0.996,0,0,0.087,0.996,0,0,-0.087,0.996,0,0,0,1,0,0,0,1,0,0,-0.087,0.996,0,0,-0.087,0.996,0,0,-0.087,0.996,0,0,-0.087,0.996,0,0,-0.087,0.996,0,0,-0.087,0.996,0,0,-0.087,0.996,0,0,-0.087,0.996,0,0,-0.087,0.996,0,0,-0.087,0.996,0,0,-0.087,0.996,0,0,-0.087,0.996,0,0,0,1
-0.1355,0.0095,0.00125,0.9905,0.05625,0.00925,-0.03075,0.99725,0.102,-0.016,0.06575,0.992,0.13475,0.00175,0.0365,0.99025,0.06525,0,-0.061,0.995,-0.15,-0.105,0.0295,0.9825,-0.117,0.16525,-0.022,0.9785,0.168,0,-0.0035,0.98625,0,0,0,1,-0.07575,0.00075,0.016,0.9965,0.1245,0.00675,-0.02625,0.99175,0,0,0,1,0,0,0,1,0.04925,0.15025,-0.5925,-0.79,0.15625,-0.02175,0.6265,-0.7615,-0.178,-0.163,-0.10325,-0.31675,0.082,-0.23,-0.11575,0.95275,-0.538,0.18,-0.4325,-0.696,-0.4575,-0.129,0.16025,-0.59525,0,0,0,1,0,0,0,1,0,0,0,1,0,0,0,1,0,0,0,0,0,0,0.087,0.996,0,0,0.174,0.985,0,-0.143,0,0.99,0,0,0.087,0.996,0,0,0.087,0.996,0,0,0.087,0.996,0,0,0.087,0.996,0,0,0.087,0.996,0,0,0.087,0.996,0,0,0.087,0.996,0,0,0.087,0.996,0,0,0.087,0.996,0,0,0.087,0.996,0,0,0.087,0.996,0,0,0.087,0.996,0,0,-0.087,0.996,0,0,0,1,0,0,0,1,0,0,-0.087,0.996,0,0,-0.087,0.996,0,0,-0.087,0.996,0,0,-0.087,0.996,0,0,-0.087,0.996,0,0,-0.087,0.996,0,0,-0.087,0.996,0,0,-0.087,0.996,0,0,-0.087,0.996,0,0,-0.087,0.996,0,0,-0.087,0.996,0,0,-0.087,0.996,0,0,0,1
-0.139,0.005,0.0005,0.99,0.0595,0.0075,-0.0215,0.9975,0.106,-0.015,0.0595,0.992,0.1305,0.0015,0.04,0.9905,0.0575,0,-0.072,0.995,-0.151,-0.098,0.031,0.983,-0.122,0.1855,-0.017,0.974,0.166,0,-0.004,0.9865,0,0,0,1,-0.0735,0.0005,0.007,0.997,0.124,0.0015,-0.0335,0.9915,0,0,0,1,0,0,0,1,0.0465,0.1535,-0.588,-0.793,0.1515,-0.0265,0.619,-0.769,-0.148,-0.162,-0.0975,-0.5375,0.08,-0.204,-0.1045,0.9625,-0.559,0.181,-0.439,-0.675,-0.548,-0.176,0.2045,-0.5825,0,0,0,1,0,0,0,1,0,0,0,1,0,0,0,1,0,0,0,0,0,0,0.087,0.996,0,0,0.174,0.985,0,-0.143,0,0.99,0,0,0.087,0.996,0,0,0.087,0.996,0,0,0.087,0.996,0,0,0.087,0.996,0,0,0.087,0.996,0,0,0.087,0.996,0,0,0.087,0.996,0,0,0.087,0.996,0,0,0.087,0.996,0,0,0.087,0.996,0,0,0.087,0.996,0,0,0.087,0.996,0,0,-0.087,0.996,0,0,0,1,0,0,0,1,0,0,-0.087,0.996,0,0,-0.087,0.996,0,0,-0.087,0.996,0,0,-0.087,0.996,0,0,-0.087,0.996,0,0,-0.087,0.996,0,0,-0.087,0.996,0,0,-0.087,0.996,0,0,-0.087,0.996,0,0,-0.087,0.996,0,0,-0.087,0.996,0,0,-0.087,0.996,0,0,0,1
-0.1425,0.0005,-0.00025,0.9895,0.06275,0.00575,-0.01225,0.99775,0.11,-0.014,0.05325,0.992,0.12625,0.00125,0.0435,0.99075,0.04975,0,-0.083,0.995,-0.152,-0.091,0.0325,0.9835,-0.127,0.20575,-0.012,0.9695,0.164,0,-0.0045,0.98675,0,0,0,1,-0.07125,0.00025,-0.002,0.9975,0.1235,-0.00375,-0.04075,0.99125,0,0,0,1,0,0,0,1,0.04375,0.15675,-0.5835,-0.796,0.14675,-0.03125,0.6115,-0.7765,-0.118,-0.161,-0.09175,-0.75825,0.078,-0.178,-0.09325,0.97225,-0.58,0.182,-0.4455,-0.654,-0.6385,-0.223,0.24875,-0.56975,0,0,0,1,0,0,0,1,0,0,0,1,0,0,0,1,0,0,0,0,0,0,0.087,0.996,0,0,0.174,0.985,0,-0.143,0,0.99,0,0,0.087,0.996,0,0,0.087,0.996,0,0,0.087,0.996,0,0,0.087,0.996,0,0,0.087,0.996,0,0,0.087,0.996,0,0,0.087,0.996,0,0,0.087,0.996,0,0,0.087,0.996,0,0,0.087,0.996,0,0,0.087,0.996,0,0,0.087,0.996,0,0,-0.087,0.996,0,0,0,1,0,0,0,1,0,0,-0.087,0.996,0,0,-0.087,0.996,0,0,-0.087,0.996,0,0,-0.087,0.996,0,0,-0.087,0.996,0,0,-0.087,0.996,0,0,-0.087,0.996,0,0,-0.087,0.996,0,0,-0.087,0.996,0,0,-0.087,0.996,0,0,-0.087,0.996,0,0,-0.087,0.996,0,0,0,1
-0.146,-0.004,-0.001,0.989,0.066,0.004,-0.003,0.998,0.114,-0.013,0.047,0.992,0.122,0.001,0.047,0.991,0.042,0,-0.094,0.995,-0.153,-0.084,0.034,0.984,-0.132,0.226,-0.007,0.965,0.162,0,-0.005,0.987,0,0,0,1,-0.069,0,-0.011,0.998,0.123,-0.009,-0.048,0.991,0,0,0,1,0,0,0,1,0.041,0.16,-0.579,-0.799,0.142,-0.036,0.604,-0.784,-0.088,-0.16,-0.086,-0.979,0.076,-0.152,-0.082,0.982,-0.601,0.183,-0.452,-0.633,-0.729,-0.27,0.293,-0.557,0,0,0,1,0,0,0,1,0,0,0,1,0,0,0,1,0,0,0,0,0,0,0.087,0.996,0,0,0.174,0.985,0,-0.143,0,0.99,0,0,0.087,0.996,0,0,0.087,0.996,0,0,0.087,0.996,0,0,0.087,0.996,0,0,0.087,0.996,0,0,0.087,0.996,0,0,0.087,0.996,0,0,0.087,0.996,0,0,0.087,0.996,0,0,0.087,0.996,0,0,0.087,0.996,0,0,0.087,0.996,0,0,-0.087,0.996,0,0,0,1,0,0,0,1,0,0,-0.087,0.996,0,0,-0.087,0.996,0,0,-0.087,0.996,0,0,-0.087,0.996,0,0,-0.087,0.996,0,0,-0.087,0.996,0,0,-0.087,0.996,0,0,-0.087,0.996,0,0,-0.087,0.996,0,0,-0.087,0.996,0,0,-0.087,0.996,0,0,-0.087,0.996,0,0,0,1